Member Name,Record Type,Date,Award,Award Type,Rank,Role,Source File
Abdul,Promotion/Role,16 January 2026,,,Private,Reservist,Abdul.png
Abdul,Promotion/Role,28 December 2025,,,Recruit,Reservist,Abdul.png
Abuza,Promotion/Role,04 February 2026,,,Recruit,Reservist,Abuza.png
AgentDove,Award,23 October 2021,1 Year Service Citation,Period of Service Citation,,,AgentDove1.png
AgentDove,Award,30 October 2022,2 Year Service Citation,Period of Service Citation,,,AgentDove1.png
AgentDove,Award,05 November 2023,3 Year Service Citation,Period of Service Citation,,,AgentDove1.png
AgentDove,Award,02 November 2024,4 Year Service Citation,Period of Service Citation,,,AgentDove1.png
AgentDove,Award,05 April 2025,Broken Lance Award,Non-Operational Award,,,AgentDove1.png
AgentDove,Award,20 June 2021,Campaign Medallion,Operational Service Citation,,,AgentDove1.png
AgentDove,Award,14 November 2021,"Campaign Medallion, First Clasp",Operational Service Citation,,,AgentDove1.png
AgentDove,Award,02 September 2023,"Campaign Medallion, Fourth Clasp",Operational Service Citation,,,AgentDove1.png
AgentDove,Award,26 June 2022,"Campaign Medallion, Second Clasp",Operational Service Citation,,,AgentDove1.png
AgentDove,Award,12 February 2023,"Campaign Medallion, Third Clasp",Operational Service Citation,,,AgentDove1.png
AgentDove,Award,07 April 2024,"Campaign Medallion, Tier 2 First Clasp",Operational Service Citation,,,AgentDove1.png
AgentDove,Award,02 November 2025,"Campaign Medallion, Tier 2 Fourth Clasp",Operational Service Citation,,,AgentDove1.png
AgentDove,Award,07 September 2024,"Campaign Medallion, Tier 2 Second Clasp",Operational Service Citation,,,AgentDove1.png
AgentDove,Award,07 June 2025,"Campaign Medallion, Tier 2 Third Clasp",Operational Service Citation,,,AgentDove1.png
AgentDove,Award,30 April 2023,Group Development,Non-Operational Citation,,,AgentDove1.png
AgentDove,Promotion/Role,16 August 2022,,,Corporal,Section Commander,AgentDove2.png
AgentDove,Promotion/Role,20 June 2022,,,Lance Corporal,Fireteam Leader,AgentDove2.png
AgentDove,Promotion/Role,21 December 2024,,,Platoon Technician Sergeant,Engineer Sergeant,AgentDove2.png
AgentDove,Promotion/Role,23 October 2020,,,Private,Reservist,AgentDove2.png
AgentDove,Promotion/Role,08 July 2021,,,Private,Driver,AgentDove2.png
AgentDove,Promotion/Role,23 April 2021,,,Private Proficient,Driver,AgentDove2.png
AgentDove,Promotion/Role,08 November 2021,,,Sapper Proficient,Engineer,AgentDove2.png
AgentDove,Promotion/Role,10 November 2025,,,Senior Leading Sapper,Engineer,AgentDove2.png
AgentDove,Promotion/Role,13 September 2023,,,Sergeant,Engineer Sergeant,AgentDove2.png
Alexie,Award,07 September 2025,1 Year Service Citation,Service Citation,,,Alexie.png
Alexie,Award,07 June 2025,Campaign Medallion,Operational Service Citation,,,Alexie.png
Alexie,Award,06 December 2025,Campaign Medallion First Clasp,Operational Service Citation,,,Alexie.png
Alexie,Promotion/Role,18 March 2025,,,Game Master Proficient,Game Master,Alexie.png
Alexie,Promotion/Role,03 May 2026,,,Grand Game Master,Game Master,Alexie.png
Alexie,Promotion/Role,18 September 2024,,,Private,Reservist,Alexie.png
Alexie,Promotion/Role,09 March 2025,,,Private Proficient,Reservist,Alexie.png
Alexie,Promotion/Role,08 September 2024,,,Recruit,Reservist,Alexie.png
Alexie,Promotion/Role,07 September 2025,,,Senior Game Master,Game Master,Alexie.png
Anat,Promotion/Role,26 March 2026,,,Private,Reservist,Anat.png
Anat,Promotion/Role,29 March 2026,,,Private,Sapper,Anat.png
Anat,Promotion/Role,23 March 2026,,,Recruit,Reservist,Anat.png
Andrew,Award,03 May 2026,1 Year Service Citation,Service Citation,,,Andrew.png
Andrew,Award,02 November 2025,Campaign Medallion,Operational Service Citation,,,Andrew.png
Andrew,Award,07 September 2025,Junior Leadership Award,Leadership Award,,,Andrew.png
Andrew,Promotion/Role,25 May 2025,,,Junior Lance Corporal,Fireteam Leader,Andrew.png
Andrew,Promotion/Role,01 June 2025,,,Lance Corporal,Fireteam Leader,Andrew.png
Andrew,Promotion/Role,02 August 2025,,,Leading Lance Corporal,Fireteam Leader,Andrew.png
Andrew,Promotion/Role,03 May 2026,,,Platoon Sergeant Major,Platoon Sergeant,Andrew.png
Andrew,Promotion/Role,01 April 2025,,,Private,Reservist,Andrew.png
Andrew,Promotion/Role,14 April 2025,,,Private,Section Medic,Andrew.png
Andrew,Promotion/Role,26 March 2025,,,Recruit,Reservist,Andrew.png
Andrew,Promotion/Role,07 September 2025,,,Senior Lance Corporal,Fireteam Leader,Andrew.png
Andrew,Promotion/Role,02 November 2025,,,Senior Sergeant At Arms,Platoon Sergeant,Andrew.png
Andrew,Promotion/Role,15 September 2025,,,Sergeant At Arms,Platoon Sergeant,Andrew.png
Animarchy,Award,02 June 2024,1 Year Service Citation,Period of Service Citation,,,Animarchy1.png
Animarchy,Award,07 June 2025,2 Year Service Citation,Period of Service Citation,,,Animarchy1.png
Animarchy,Award,07 April 2024,Campaign Medallion,Operational Service Citation,,,Animarchy1.png
Animarchy,Award,07 September 2024,"Campaign Medallion, First Clasp",Operational Service Citation,,,Animarchy1.png
Animarchy,Award,07 June 2025,"Campaign Medallion, Second Clasp",Operational Service Citation,,,Animarchy1.png
Animarchy,Award,07 March 2026,"Campaign Medallion, Third Clasp",Operational Service Citation,,,Animarchy1.png
Animarchy,Promotion/Role,09 May 2025,,,Flight Lieutenant,Pilot,Animarchy2.png
Animarchy,Promotion/Role,14 April 2024,,,Lance Corporal,Fireteam Leader,Animarchy2.png
Animarchy,Promotion/Role,09 March 2025,,,Lance Corporal Proficient,Fireteam Leader,Animarchy2.png
Animarchy,Promotion/Role,10 June 2023,,,Private,Reservist,Animarchy2.png
Animarchy,Promotion/Role,04 August 2023,,,Private,Machinegunner,Animarchy2.png
Animarchy,Promotion/Role,10 December 2023,,,Private Proficient,Machinegunner,Animarchy2.png
Animarchy,Promotion/Role,13 May 2023,,,Recruit,Reservist,Animarchy2.png
Animarchy,Promotion/Role,03 May 2026,,,Senior Leading Signaller,Platoon Signaller,Animarchy2.png
Animarchy,Promotion/Role,29 April 2025,,,Senior Private,Reservist,Animarchy2.png
Animarchy,Promotion/Role,19 September 2025,,,Senior Private,Machinegunner,Animarchy2.png
Animarchy,Promotion/Role,21 November 2025,,,Senior Signaller,Platoon Signaller,Animarchy2.png
AnnoyingTaco,Award,07 March 2026,Campaign Medallion,Operational Service Citation,,,AnnoyingTaco.png
AnnoyingTaco,Promotion/Role,03 May 2026,,,Leading Private,Rifleman (CFA),AnnoyingTaco.png
AnnoyingTaco,Promotion/Role,11 June 2025,,,Private,Reservist,AnnoyingTaco.png
AnnoyingTaco,Promotion/Role,01 July 2025,,,Private,Machinegunner,AnnoyingTaco.png
AnnoyingTaco,Promotion/Role,06 December 2025,,,Private Proficient,Machinegunner,AnnoyingTaco.png
AnnoyingTaco,Promotion/Role,23 February 2026,,,Private Proficient,Rifleman (CFA),AnnoyingTaco.png
AnnoyingTaco,Promotion/Role,01 June 2025,,,Recruit,Reservist,AnnoyingTaco.png
Anomalie,Promotion/Role,29 September 2025,,,Recruit,Reservist,Anomalie.png
Apex,Award,06 December 2025,2 Year Service Citation,Period of Service Citation,,,Apex1.png
Apex,Award,02 June 2024,Campaign Medallion,Operational Service Citation,,,Apex1.png
Apex,Award,09 March 2025,"Campaign Medallion, First Clasp",Operational Service Citation,,,Apex1.png
Apex,Award,07 September 2025,"Campaign Medallion, Second Clasp",Operational Service Citation,,,Apex1.png
Apex,Award,30 November 2024,One Year Service Citation,Period of Service Citation,,,Apex1.png
Apex,Promotion/Role,27 May 2026,,,Captain,Adjutant,Apex2.png
Apex,Promotion/Role,07 September 2025,,,Company Sergeant Major,Regimental Sergeant Major,Apex2.png
Apex,Promotion/Role,14 November 2023,,,Private,Reservist,Apex2.png
Apex,Promotion/Role,18 November 2023,,,Private,Medic,Apex2.png
Apex,Promotion/Role,13 November 2023,,,Recruit,Reservist,Apex2.png
Apex,Promotion/Role,11 February 2026,,,Regimental Sergeant Major,Regimental Sergeant Major,Apex2.png
Apex,Promotion/Role,09 February 2024,,,Sergeant,Platoon Sergeant,Apex2.png
Apex,Promotion/Role,31 May 2024,,,Squadron Leader,Flight 2IC,Apex2.png
Apex,Promotion/Role,28 April 2025,,,Warrant Officer Class One,Regimental Sergeant Major,Apex2.png
Apex,Promotion/Role,25 November 2024,,,Wing Captain,Flight 2IC,Apex2.png
Apex,Promotion/Role,09 November 2025,,,Wing Commander,Flight 2IC,Apex2.png
Aqwaman,Award,11 August 2021,1 Year Service Citation,Service Citation,,,Aqwaman1.png
Aqwaman,Award,04 September 2022,2 Year Service Citation,Service Citation,,,Aqwaman1.png
Aqwaman,Award,02 September 2023,3 Year Service Citation,Service Citation,,,Aqwaman1.png
Aqwaman,Award,18 April 2021,Campaign Medallion,Operational Service Citation,,,Aqwaman1.png
Aqwaman,Award,24 October 2021,"Campaign Medallion, First Clasp",Operational Service Citation,,,Aqwaman1.png
Aqwaman,Award,02 September 2023,"Campaign Medallion, Fourth Clasp",Operational Service Citation,,,Aqwaman1.png
Aqwaman,Award,18 September 2022,"Campaign Medallion, Second Clasp",Operational Service Citation,,,Aqwaman1.png
Aqwaman,Award,04 June 2023,"Campaign Medallion, Third Clasp",Operational Service Citation,,,Aqwaman1.png
Aqwaman,Award,07 April 2024,"Campaign Medallion, Tier 2 First Clasp",Operational Service Citation,,,Aqwaman1.png
Aqwaman,Award,06 December 2025,"Campaign Medallion, Tier 2 Fourth Clasp",Operational Service Citation,,,Aqwaman1.png
Aqwaman,Award,07 September 2024,"Campaign Medallion, Tier 2 Second Clasp",Operational Service Citation,,,Aqwaman1.png
Aqwaman,Award,07 June 2025,"Campaign Medallion, Tier 2 Third Clasp",Operational Service Citation,,,Aqwaman1.png
Aqwaman,Award,04 September 2022,Group Development Award,Non-Operational Citation,,,Aqwaman1.png
Aqwaman,Award,07 September 2024,Long Term Service Citation,Service Citation,,,Aqwaman1.png
Aqwaman,Award,04 September 2022,Senior Leadership Award,Leadership Award,,,Aqwaman1.png
Aqwaman,Promotion/Role,09 July 2023,,,Group Captain,Aviation Commander,Aqwaman2.png
Aqwaman,Promotion/Role,24 August 2020,,,Lance Corporal,Pilot,Aqwaman2.png
Aqwaman,Promotion/Role,24 August 2020,,,Private,Rifleman,Aqwaman2.png
Aqwaman,Promotion/Role,08 April 2024,,,Private Proficient,Reservist,Aqwaman2.png
Aqwaman,Promotion/Role,25 November 2024,,,Senior Leading Private,Reservist,Aqwaman2.png
Aqwaman,Promotion/Role,10 September 2021,,,Sergeant,Wing Leader,Aqwaman2.png
Aqwaman,Promotion/Role,07 July 2022,,,Squadron Leader,Flight 2IC,Aqwaman2.png
Aqwaman,Promotion/Role,22 January 2023,,,Wing Commander,Flight Commander,Aqwaman2.png
Ares,Award,30 November 2024,1 Year Service Citation,Period of Service Citation,,,Ares1.png
Ares,Award,06 December 2025,2 Year Service Citation,Period of Service Citation,,,Ares1.png
Ares,Award,29 September 2024,Campaign Medallion,Operational Service Citation,,,Ares1.png
Ares,Promotion/Role,21 September 2024,,,Aircraftman,Aircrewman,Ares2.png
Ares,Promotion/Role,03 December 2024,,,Game Master Proficient,Game Master,Ares2.png
Ares,Promotion/Role,20 January 2026,,,Gunner Proficient,Gunner,Ares2.png
Ares,Promotion/Role,11 February 2026,,,Leading Gunner,Gunner,Ares2.png
Ares,Promotion/Role,06 June 2026,,,Leading Private,Reservist,Ares2.png
Ares,Promotion/Role,01 December 2023,,,Private,Section Medic,Ares2.png
Ares,Promotion/Role,16 December 2023,,,Private,Medic,Ares2.png
Ares,Promotion/Role,12 August 2024,,,Private Proficient,Reservist,Ares2.png
Ares,Promotion/Role,16 August 2024,,,Private Proficient,Machine Gunner,Ares2.png
Ares,Promotion/Role,11 November 2024,,,Private Proficient,Reservist,Ares2.png
Ares,Promotion/Role,21 September 2025,,,Private Proficient,Reservist,Ares2.png
Ares,Promotion/Role,28 November 2023,,,Recruit,Reservist,Ares2.png
Ares,Promotion/Role,01 December 2023,,,Recruit,Section Medic,Ares2.png
Ares,Promotion/Role,02 February 2024,,,Signallar,Platoon Signallar,Ares2.png
Arson,Award,10 December 2023,1 Year Service Citation,Service Citation,,,Arson.png
Arson,Award,30 November 2024,2 Year Service Citation,Service Citation,,,Arson.png
Arson,Award,06 December 2025,3 Year Service Citation,Service Citation,,,Arson.png
Arson,Award,04 June 2023,Campaign Medallion,Operational Service Citation,,,Arson.png
Arson,Award,07 April 2024,"Campaign Medallion, First Clasp",Operational Service Citation,,,Arson.png
Arson,Award,02 November 2024,"Campaign Medallion, Second Clasp",Operational Service Citation,,,Arson.png
Arson,Promotion/Role,17 May 2024,,,Corporal,Section Commander,Arson.png
Arson,Promotion/Role,19 November 2023,,,Lance Corporal,Fireteam Leader,Arson.png
Arson,Promotion/Role,19 November 2022,,,Private,Reservist,Arson.png
Arson,Promotion/Role,25 November 2022,,,Private,Driver/ Rifleman,Arson.png
Arson,Promotion/Role,05 May 2023,,,Private,Medium Anti-Tank,Arson.png
Arson,Promotion/Role,04 June 2023,,,Private Proficient,Medium Anti-Tank,Arson.png
Arson,Promotion/Role,15 October 2024,,,Private Proficient,Reservist,Arson.png
Arson,Promotion/Role,11 November 2022,,,Recruit,Reservist,Arson.png
Arson,Promotion/Role,26 November 2024,,,Senior Private,Reservist,Arson.png
Assassin,Award,02 November 2024,1 Year Service Citation,Service Citation,,,Assassin.png
Assassin,Award,02 November 2025,2 Year Service Citation,Service Citation,,,Assassin.png
Assassin,Award,02 June 2024,Campaign Medallion,Operational Service Citation,,,Assassin.png
Assassin,Award,07 June 2025,"Campaign Medallion, First Clasp",Operational Service Citation,,,Assassin.png
Assassin,Award,02 November 2025,"Campaign Medallion, Second Clasp",Operational Service Citation,,,Assassin.png
Assassin,Promotion/Role,15 January 2024,,,Flight Lieutenant,Pilot,Assassin.png
Assassin,Promotion/Role,16 November 2024,,,Leading Signaller,Platoon Signaller,Assassin.png
Assassin,Promotion/Role,03 November 2023,,,Private,Reservist,Assassin.png
Assassin,Promotion/Role,14 October 2023,,,Recruit,Reservist,Assassin.png
Assassin,Promotion/Role,03 May 2026,,,Senior Leading Signaller,Platoon Signaller,Assassin.png
Assassin,Promotion/Role,09 March 2025,,,Senior Signaller,Platoon Signaller,Assassin.png
Assassin,Promotion/Role,11 September 2024,,,Signaller,Platoon Signaller,Assassin.png
Aztex,Promotion/Role,02 November 2025,,,Recruit,Reservist,Aztex.png
Azza,Promotion/Role,14 August 2025,,,Private,Reservist,Azza.png
Azza,Promotion/Role,06 December 2025,,,Private Proficient,Reservist,Azza.png
Azza,Promotion/Role,21 May 2025,,,Recruit,Reservist,Azza.png
Azza,Promotion/Role,06 June 2025,,,Recruit,Sapper,Azza.png
Azza,Promotion/Role,27 June 2025,,,Sapper,Sapper,Azza.png
BadDragonRaz,Award,22 January 2024,1 Year Service Citation,Service Citation,,,BadDragonRaz1.png
BadDragonRaz,Award,01 February 2025,2 Year Service Citation,Service Citation,,,BadDragonRaz1.png
BadDragonRaz,Award,11 February 2026,3 Year Service Citation,Service Citation,,,BadDragonRaz1.png
BadDragonRaz,Award,05 June 2023,Campaign Medallion,Operational Service Citation,,,BadDragonRaz1.png
BadDragonRaz,Award,07 April 2024,"Campaign Medallion, First Clasp",Operational Service Citation,,,BadDragonRaz1.png
BadDragonRaz,Award,07 November 2025,"Campaign Medallion, Fourth Clasp",Operational Service Citation,,,BadDragonRaz1.png
BadDragonRaz,Award,07 September 2024,"Campaign Medallion, Second Clasp",Operational Service Citation,,,BadDragonRaz1.png
BadDragonRaz,Award,07 June 2025,"Campaign Medallion, Third Clasp",Operational Service Citation,,,BadDragonRaz1.png
BadDragonRaz,Award,30 July 2023,Medical Medallion,Member Skill Award,,,BadDragonRaz1.png
BadDragonRaz,Promotion/Role,09 July 2023,,,Corporal,Section Commander,BadDragonRaz2.png
BadDragonRaz,Promotion/Role,05 June 2023,,,Lance Corporal,Fireteam Leader,BadDragonRaz2.png
BadDragonRaz,Promotion/Role,04 August 2023,,,Lance Corporal,Platoon Medic,BadDragonRaz2.png
BadDragonRaz,Promotion/Role,16 November 2024,,,Lance Corporal Proficient,Platoon Medic,BadDragonRaz2.png
BadDragonRaz,Promotion/Role,16 November 2024,,,Leading Lance Corporal,Platoon Medic,BadDragonRaz2.png
BadDragonRaz,Promotion/Role,14 January 2023,,,Private,Reservist,BadDragonRaz2.png
BadDragonRaz,Promotion/Role,14 February 2023,,,Private,Medic,BadDragonRaz2.png
BadDragonRaz,Promotion/Role,07 January 2023,,,Recruit,Reservist,BadDragonRaz2.png
BadDragonRaz,Promotion/Role,07 June 2025,,,Senior Lance Corporal,Platoon Medic,BadDragonRaz2.png
Bants,Award,11 February 2026,1 Year Service Citation,Period of Service Citation,,,Bants.png
Bants,Award,05 May 2025,Bronze Soldier Medallion,Non-Operational Award,,,Bants.png
Bants,Award,07 September 2025,Campaign Medallion,Operational Service Citation,,,Bants.png
Bants,Promotion/Role,30 April 2025,,,Junior Corporal,Section Commander,Bants.png
Bants,Promotion/Role,28 February 2025,,,Junior Lance Corporal,Fireteam Leader,Bants.png
Bants,Promotion/Role,19 January 2026,,,Officer Cadet,Platoon Commander,Bants.png
Bants,Promotion/Role,07 February 2025,,,Private,Reservist,Bants.png
Bants,Promotion/Role,25 January 2025,,,Recruit,Reservist,Bants.png
Bants,Promotion/Role,30 August 2025,,,Sergeant,Platoon Sergeant,Bants.png
Bard,Promotion/Role,31 January 2026,,,Private,Medic,Bard.png
Bard,Promotion/Role,25 April 2026,,,Private Proficient,Medic,Bard.png
Bard,Promotion/Role,17 October 2025,,,Recruit,Reservist,Bard.png
Bard,Promotion/Role,31 January 2026,,,Recruit,Medic,Bard.png
Batman,Award,04 June 2023,1 Year Service Citation,Service Citation,,,Batman1.png
Batman,Award,20 July 2024,2 Year Service Citation,Service Citation,,,Batman1.png
Batman,Award,07 June 2025,3 Year Service Citation,Service Citation,,,Batman1.png
Batman,Award,12 March 2023,Campaign Medallion,Operational Service Citation,,,Batman1.png
Batman,Award,02 March 2024,"Campaign Medallion, First Clasp",Operational Service Citation,,,Batman1.png
Batman,Promotion/Role,19 December 2023,,,Lance Corporal,Fireteam Leader,Batman2.png
Batman,Promotion/Role,19 August 2025,,,Lance Corporal Proficient,Fireteam Leader,Batman2.png
Batman,Promotion/Role,28 November 2024,,,Leading Private,Reservist,Batman2.png
Batman,Promotion/Role,02 July 2022,,,Private,Section Medic,Batman2.png
Batman,Promotion/Role,03 October 2022,,,Private,Machine Gunner,Batman2.png
Batman,Promotion/Role,30 October 2022,,,Private,Reservist,Batman2.png
Batman,Promotion/Role,29 January 2023,,,Private Proficient,Reservist,Batman2.png
Batman,Promotion/Role,30 July 2023,,,Private Proficient,Reservist,Batman2.png
Batman,Promotion/Role,27 August 2023,,,Private Proficient,Section Medic,Batman2.png
Batman,Promotion/Role,15 December 2023,,,Private Proficient,Machine Gunner,Batman2.png
Batman,Promotion/Role,22 February 2024,,,Private Proficient,Reservist,Batman2.png
Batman,Promotion/Role,15 February 2026,,,Private Proficient,Reservist,Batman2.png
Batman,Promotion/Role,21 May 2022,,,Recruit,Reservist,Batman2.png
Batman,Promotion/Role,02 August 2025,,,Senior Private,Reservist,Batman2.png
Batman,Promotion/Role,08 March 2026,,,Senior Private,Reservist,Batman2.png
Batman,Promotion/Role,22 May 2026,,,Senior Private,Machine Gunner,Batman2.png
Batman,Promotion/Role,31 January 2023,,,Trooper,Crewman,Batman2.png
Batman,Promotion/Role,18 September 2023,,,Trooper Proficient,Crewman,Batman2.png
Battery,Award,07 September 2024,1 Year Service Citation,Service Citation,,,Battery.png
Battery,Award,07 September 2025,2 Year Service Citation,Service Citation,,,Battery.png
Battery,Promotion/Role,10 August 2025,,,Private,Reservist,Battery.png
Battery,Promotion/Role,23 January 2026,,,Private Proficient,Reservist,Battery.png
Battery,Promotion/Role,02 August 2025,,,Recruit,Reservist,Battery.png
Battery,Promotion/Role,02 September 2025,,,Sapper Proficient,Sapper Medic,Battery.png
Bee,Promotion/Role,10 October 2025,,,Pilot Officer,Pilot,Bee.png
Bee,Promotion/Role,26 September 2025,,,Private,Reservist,Bee.png
Bee,Promotion/Role,26 October 2025,,,Private,Reservist,Bee.png
Bee,Promotion/Role,25 April 2026,,,Private Proficient,Reservist,Bee.png
Bee,Promotion/Role,07 September 2025,,,Recruit,Reservist,Bee.png
Berserker,Promotion/Role,19 January 2026,,,Recruit,Reservist,Berserker.png
BigBoss,Promotion/Role,06 September 2025,,,Private,Reservist,BigBoss.png
BigBoss,Promotion/Role,16 November 2025,,,Private,Reservist,BigBoss.png
BigBoss,Promotion/Role,08 March 2026,,,Private Proficient,Reservist,BigBoss.png
BigBoss,Promotion/Role,01 September 2025,,,Recruit,Reservist,BigBoss.png
BigBoss,Promotion/Role,06 September 2025,,,Trooper,Crewman,BigBoss.png
Billy,Award,11 February 2026,1 Year Service Citation,Period of Service Citation,,,Billy.png
Billy,Award,07 June 2025,Campaign Medallion,Operational Service Citation,,,Billy.png
Billy,Award,06 December 2025,Campaign Medallion First Clasp,Operational Service Citation,,,Billy.png
Billy,Promotion/Role,28 April 2025,,,Junior Corporal,Section Commander,Billy.png
Billy,Promotion/Role,10 December 2024,,,Recruit,Reservist,Billy.png
Billy,Promotion/Role,05 January 2025,,,Recruit,Sapper,Billy.png
Billy,Promotion/Role,15 January 2025,,,Sapper,Sapper,Billy.png
Billy,Promotion/Role,22 May 2026,,,Senior Private,Reservist,Billy.png
Billy,Promotion/Role,31 January 2026,,,Sergeant,Squadron Sergeant,Billy.png
Bismuth,Award,07 September 2024,1 Year Service Citation,Service Citation,,,Bismuth1.png
Bismuth,Award,02 August 2025,2 Year Service Citation,Service Citation,,,Bismuth1.png
Bismuth,Award,06 December 2025,Bronze Soldier Medallion,Non-Operational Award,,,Bismuth1.png
Bismuth,Award,07 April 2024,Campaign Medallion,Operational Service Citation,,,Bismuth1.png
Bismuth,Award,02 November 2024,"Campaign Medallion, First Clasp",Operational Service Citation,,,Bismuth1.png
Bismuth,Promotion/Role,24 July 2025,,,Corporal,Section Commander,Bismuth2.png
Bismuth,Promotion/Role,07 September 2025,,,Corporal Proficient,Section Commander,Bismuth2.png
Bismuth,Promotion/Role,15 December 2023,,,Lance Corporal,Fireteam Leader,Bismuth2.png
Bismuth,Promotion/Role,28 November 2024,,,Lance Corporal Proficient,Fireteam Leader,Bismuth2.png
Bismuth,Promotion/Role,29 June 2025,,,Lance Corporal Proficient,Fireteam Leader,Bismuth2.png
Bismuth,Promotion/Role,23 January 2026,,,Officer Cadet,Medical Officer,Bismuth2.png
Bismuth,Promotion/Role,04 August 2023,,,Private,Reservist,Bismuth2.png
Bismuth,Promotion/Role,03 August 2023,,,Recruit,Reservist,Bismuth2.png
Bismuth,Promotion/Role,11 August 2023,,,Sapper,Engineer,Bismuth2.png
Bismuth,Promotion/Role,26 April 2025,,,Senior Private,Reservist,Bismuth2.png
Bismuth,Promotion/Role,25 January 2026,,,Senior Private,Reservist,Bismuth2.png
Bismuth,Promotion/Role,22 September 2025,,,Sergeant,Medical Sergeant,Bismuth2.png
Blue,Award,04 May 2024,1 Year Service Citation,Service Citation,,,Blue.png
Blue,Award,05 May 2025,2 Year Service Citation,Service Citation,,,Blue.png
Blue,Award,03 May 2026,3 Year Service Citation,Service Citation,,,Blue.png
Blue,Promotion/Role,17 June 2023,,,Gunner,Gunner,Blue.png
Blue,Promotion/Role,21 November 2024,,,Junior Lance Bombardier,Fireteam Leader,Blue.png
Blue,Promotion/Role,09 July 2023,,,Lance Bombardier,Fireteam Leader,Blue.png
Blue,Promotion/Role,01 February 2025,,,Lance Bombardier,Fireteam Leader,Blue.png
Blue,Promotion/Role,28 August 2025,,,Leading Private,Reservist,Blue.png
Blue,Promotion/Role,29 April 2023,,,Private,Reservist,Blue.png
Blue,Promotion/Role,11 April 2023,,,Recruit,Reservist,Blue.png
BobbittiHaxs,Award,07 April 2024,1 Year Service Citation,Service Citation,,,BobbittiHaxs.png
BobbittiHaxs,Award,05 April 2025,2 Year Service Citation,Service Citation,,,BobbittiHaxs.png
BobbittiHaxs,Award,03 May 2026,3 Year Service Citation,Service Citation,,,BobbittiHaxs.png
BobbittiHaxs,Award,04 May 2024,Campaign Medallion,Operational Service Citation,,,BobbittiHaxs.png
BobbittiHaxs,Award,02 August 2025,"Campaign Medallion, First Clasp",Operational Service Citation,,,BobbittiHaxs.png
BobbittiHaxs,Promotion/Role,21 April 2025,,,Air Commodore,Aviation Commander,BobbittiHaxs.png
BobbittiHaxs,Promotion/Role,08 March 2026,,,Air Marshal,Squadron Commanding Officer,BobbittiHaxs.png
BobbittiHaxs,Promotion/Role,07 June 2025,,,Air Vice Marshal,Aviation Commander,BobbittiHaxs.png
BobbittiHaxs,Promotion/Role,19 January 2026,,,Air Vice Marshal,Squadron Commanding Officer,BobbittiHaxs.png
BobbittiHaxs,Promotion/Role,12 July 2023,,,Flight Lieutenant,Pilot,BobbittiHaxs.png
BobbittiHaxs,Promotion/Role,16 March 2023,,,Private,Reservist,BobbittiHaxs.png
BobbittiHaxs,Promotion/Role,11 March 2023,,,Recruit,Reservist,BobbittiHaxs.png
BobbittiHaxs,Promotion/Role,24 November 2023,,,Squadron Leader,Flight 2IC,BobbittiHaxs.png
BobbittiHaxs,Promotion/Role,25 November 2024,,,Squadron Leader,Flight Commander,BobbittiHaxs.png
BobbittiHaxs,Promotion/Role,29 May 2024,,,Wing Commander,Flight Commander,BobbittiHaxs.png
Boeing,Award,03 May 2026,1 Year Service Citation,Service Citation,,,Boeing.png
Boeing,Award,07 March 2026,Campaign Medallion,Operational Service Citation,,,Boeing.png
Boeing,Promotion/Role,17 April 2025,,,Private,Reservist,Boeing.png
Boeing,Promotion/Role,16 July 2025,,,Private,Medic,Boeing.png
Boeing,Promotion/Role,02 November 2025,,,Private Proficient,Medic,Boeing.png
Boeing,Promotion/Role,09 April 2025,,,Recruit,Reservist,Boeing.png
Boeing,Promotion/Role,31 January 2026,,,Sergeant,Medical Sergeant,Boeing.png
Bones,Award,06 December 2025,1 Year Service Citation,Service Citation,,,Bones.png
Bones,Award,02 August 2025,Campaign Medallion,Operational Service Citation,,,Bones.png
Bones,Award,07 March 2026,"Campaign Medallion, First Clasp",Operational Service Citation,,,Bones.png
Bones,Promotion/Role,05 July 2025,,,Junior Lance Corporal,Fireteam Leader,Bones.png
Bones,Promotion/Role,04 October 2025,,,Lance Corporal,Fireteam Leader,Bones.png
Bones,Promotion/Role,11 February 2026,,,Lance Corporal Proficient,Fireteam Leader,Bones.png
Bones,Promotion/Role,21 November 2024,,,Private,Reservist,Bones.png
Bones,Promotion/Role,22 November 2024,,,Private,Rifleman/Driver,Bones.png
Bones,Promotion/Role,07 June 2025,,,Private Proficient,Rifleman/Driver,Bones.png
Bones,Promotion/Role,06 November 2024,,,Recruit,Reservist,Bones.png
Bones,Promotion/Role,24 March 2026,,,Senior Private,Machine Gunner,Bones.png
Bradford,Promotion/Role,29 October 2025,,,Gunner,Gunner,Bradford.png
Bradford,Promotion/Role,11 April 2026,,,Private,Reservist,Bradford.png
Bradford,Promotion/Role,25 April 2026,,,Private Proficient,Reservist,Bradford.png
Bradford,Promotion/Role,19 October 2025,,,Recruit,Reservist,Bradford.png
Brendo,Award,05 May 2025,1 Year Service Citation,Period of Service Citation,,,Brendo.png
Brendo,Award,09 March 2025,Campaign Medallion,Operational Service Citation,,,Brendo.png
Brendo,Award,04 October 2025,Campaign Medallion First Clasp,Operational Service Citation,,,Brendo.png
Brendo,Promotion/Role,11 May 2024,,,Aircraftman,Aircrewman,Brendo.png
Brendo,Promotion/Role,25 August 2025,,,Flight Leader,Flight Commander,Brendo.png
Brendo,Promotion/Role,04 October 2024,,,Flight Lieutenant,Pilot,Brendo.png
Brendo,Promotion/Role,02 August 2025,,,Flying Officer,Pilot,Brendo.png
Brendo,Promotion/Role,11 September 2024,,,Officer Cadet,Trainee Pilot,Brendo.png
Brendo,Promotion/Role,25 November 2024,,,Pilot Officer,Pilot,Brendo.png
Brendo,Promotion/Role,06 May 2024,,,Private,Reservist,Brendo.png
Brendo,Promotion/Role,27 April 2024,,,Recruit,Reservist,Brendo.png
Brendo,Promotion/Role,17 February 2026,,,Senior Lieutenant,Pilot,Brendo.png
Brendo,Promotion/Role,04 October 2025,,,Squadron Leader,Flight Commander,Brendo.png
Brendo,Promotion/Role,06 December 2025,,,Wing Commander,Flight Commander,Brendo.png
Brendo,Promotion/Role,17 February 2026,,,Wing Commander,Flight 2IC,Brendo.png
Brolof,Award,20 July 2024,1 Year Service Citation,Service Citation,,,Brolof1.png
Brolof,Award,02 August 2025,2 Year Service Citation,Service Citation,,,Brolof1.png
Brolof,Award,07 April 2024,Campaign Medallion,Operational Service Citation,,,Brolof1.png
Brolof,Award,07 June 2025,"Campaign Medallion, First Clasp",Operational Service Citation,,,Brolof1.png
Brolof,Award,06 December 2025,"Campaign Medallion, Second Clasp",Operational Service Citation,,,Brolof1.png
Brolof,Promotion/Role,17 January 2023,,,Corporal,Section Commander,Brolof2.png
Brolof,Promotion/Role,15 November 2025,,,Distinguished Game Master,Game Master,Brolof2.png
Brolof,Promotion/Role,19 April 2024,,,Lance Corporal,FireTeam Leader,Brolof2.png
Brolof,Promotion/Role,29 August 2024,,,Officer Cadet,Trainee Pilot,Brolof2.png
Brolof,Promotion/Role,08 July 2023,,,Private,Reservist,Brolof2.png
Brolof,Promotion/Role,04 August 2023,,,Private,Section Medic,Brolof2.png
Brolof,Promotion/Role,22 January 2024,,,Private,Reservist,Brolof2.png
Brolof,Promotion/Role,09 March 2024,,,Private Proficient,Medic,Brolof2.png
Brolof,Promotion/Role,15 July 2024,,,Private Proficient,Reservist,Brolof2.png
Brolof,Promotion/Role,08 September 2024,,,Private Proficient,Reservist,Brolof2.png
Brolof,Promotion/Role,23 June 2023,,,Recruit,Reservist,Brolof2.png
Brolof,Promotion/Role,22 February 2026,,,Sergeant-at-Arms,Platoon Sergeant,Brolof2.png
Brolof,Promotion/Role,15 September 2024,,,Trooper Proficient,Crewman,Brolof2.png
Brolof,Promotion/Role,07 September 2025,,,Warrant Officer Class One,Company Sergeant Major,Brolof2.png
Brolof,Promotion/Role,30 November 2024,,,Warrant Officer Class Two,Company Sergeant Major,Brolof2.png
Bumble,Promotion/Role,22 May 2026,,,Recruit,Reservist,Bumble.png
Bunji,Promotion/Role,07 October 2025,,,Private,Reservist,Bunji.png
Bunji,Promotion/Role,20 September 2025,,,Recruit,Reservist,Bunji.png
Carl,Award,07 March 2026,1 Year Service Citation,Service Citation,,,Carl.png
Carl,Award,07 September 2025,Campaign Medallion,Operational Service Citation,,,Carl.png
Carl,Award,03 April 2026,"Campaign Medallion, First Clasp",Operational Service Citation,,,Carl.png
Carl,Promotion/Role,10 November 2025,,,Junior Corporal,Section Commander,Carl.png
Carl,Promotion/Role,14 February 2025,,,Private,Reservist,Carl.png
Carl,Promotion/Role,12 February 2025,,,Recruit,Reservist,Carl.png
Carl,Promotion/Role,18 April 2025,,,Sapper,Sapper,Carl.png
Carl,Promotion/Role,07 September 2025,,,Sapper Proficient,Sapper,Carl.png
Cheeseye,Award,01 October 2023,1 Year Service Citation,Service Citation,,,Cheeseye.png
Cheeseye,Award,02 November 2024,2 Year Service Citation,Service Citation,,,Cheeseye.png
Cheeseye,Award,07 May 2023,Campaign Medallion,Operational Service Citation,,,Cheeseye.png
Cheeseye,Award,10 December 2023,"Campaign Medallion, First Clasp",Operational Service Citation,,,Cheeseye.png
Cheeseye,Award,07 September 2025,"Campaign Medallion, Fourth Clasp",Operational Service Citation,,,Cheeseye.png
Cheeseye,Award,02 June 2024,"Campaign Medallion, Second Clasp",Operational Service Citation,,,Cheeseye.png
Cheeseye,Award,09 March 2025,"Campaign Medallion, Third Clasp",Operational Service Citation,,,Cheeseye.png
Cheeseye,Award,04 October 2025,Year Service Citation,Operational Service Citation,,,Cheeseye.png
Cheeseye,Promotion/Role,08 October 2022,,,Private,Machine Gunner,Cheeseye.png
Cheeseye,Promotion/Role,14 February 2023,,,Private,Rifleman (CFA),Cheeseye.png
Cheeseye,Promotion/Role,02 April 2023,,,Private Proficient,Rifleman (CFA),Cheeseye.png
Cheeseye,Promotion/Role,01 October 2022,,,Recruit,Reservist,Cheeseye.png
Cheeseye,Promotion/Role,07 June 2025,,,Senior Leading Private,Rifleman (CFA),Cheeseye.png
Cheeseye,Promotion/Role,16 November 2024,,,Senior Private,Rifleman (CFA),Cheeseye.png
Chef,Award,02 November 2025,1 Year Service Citation,Period of Service Citation,,,Chef.png
Chef,Award,02 August 2025,Campaign Medallion,Operational Service Citation,,,Chef.png
Chef,Award,07 March 2026,"Campaign Medallion, First Clasp",Operational Service Citation,,,Chef.png
Chef,Promotion/Role,30 April 2025,,,Flight Leader,Flight 2IC,Chef.png
Chef,Promotion/Role,24 February 2026,,,Flight Leader,Flight Commander,Chef.png
Chef,Promotion/Role,08 December 2024,,,Pilot Officer,Pilot,Chef.png
Chef,Promotion/Role,04 November 2024,,,Private,Reservist,Chef.png
Chef,Promotion/Role,03 November 2024,,,Recruit,Reservist,Chef.png
CJ,Award,11 February 2026,1 Year Service Citation,Service Citation,,,CJ.png
CJ,Promotion/Role,04 August 2025,,,Junior Lance Corporal,Fireteam Leader,CJ.png
CJ,Promotion/Role,27 June 2025,,,Private,Reservist,CJ.png
CJ,Promotion/Role,06 July 2025,,,Private,Machine Gunner,CJ.png
CJ,Promotion/Role,19 June 2025,,,Recruit,Reservist,CJ.png
Coffee,Award,06 December 2025,Campaign Medallion,Operational Service Citation,,,Coffee.png
Coffee,Promotion/Role,18 June 2025,,,Aircraftsman,Aircrewman,Coffee.png
Coffee,Promotion/Role,04 October 2025,,,Leading Aircraftsman,Aircrewman,Coffee.png
Coffee,Promotion/Role,11 February 2026,,,Loadmaster,Aircrewman,Coffee.png
Coffee,Promotion/Role,30 March 2026,,,Loadmaster,Section Supervisor,Coffee.png
Coffee,Promotion/Role,23 May 2025,,,Private,Reservist,Coffee.png
Coffee,Promotion/Role,04 May 2025,,,Recruit,Reservist,Coffee.png
Conboy,Award,30 July 2023,1 Year Service Citation,Service Citation,,,Conboy1.png
Conboy,Award,21 July 2024,2 Year Service Citation,Service Citation,,,Conboy1.png
Conboy,Award,02 August 2025,3 Year Service Citation,Service Citation,,,Conboy1.png
Conboy,Award,29 September 2024,Bronze Soldier Medallion,Non-Operational Award,,,Conboy1.png
Conboy,Award,12 February 2023,Campaign Medallion,Operational Service Citation,,,Conboy1.png
Conboy,Award,02 September 2023,"Campaign Medallion, First Clasp",Operational Service Citation,,,Conboy1.png
Conboy,Award,02 August 2025,"Campaign Medallion, Fourth Clasp",Operational Service Citation,,,Conboy1.png
Conboy,Award,02 June 2024,"Campaign Medallion, Second Clasp",Operational Service Citation,,,Conboy1.png
Conboy,Award,02 November 2024,"Campaign Medallion, Third Clasp",Operational Service Citation,,,Conboy1.png
Conboy,Promotion/Role,17 October 2022,,,Corporal,Crew Commander,Conboy2.png
Conboy,Promotion/Role,15 December 2023,,,Lieutenant,Troop Commander,Conboy2.png
Conboy,Promotion/Role,02 August 2025,,,Lieutenant,Troop Commander,Conboy2.png
Conboy,Promotion/Role,15 December 2023,,,Officer Cadet,Troop Commander,Conboy2.png
Conboy,Promotion/Role,28 June 2022,,,Recruit,Reservist,Conboy2.png
Conboy,Promotion/Role,02 July 2022,,,Recruit,Trooper/Driver,Conboy2.png
Conboy,Promotion/Role,28 November 2024,,,Second Lieutenant,Troop Commander,Conboy2.png
Conboy,Promotion/Role,02 November 2025,,,Senior Lieutenant,Troop Commander,Conboy2.png
Conboy,Promotion/Role,21 January 2023,,,Sergeant,Troop Commander,Conboy2.png
Conboy,Promotion/Role,27 July 2022,,,Trooper,Trooper/Driver,Conboy2.png
Conboy,Promotion/Role,06 August 2022,,,Trooper,Crewman,Conboy2.png
Conway,Award,07 September 2024,1 Year Service Citation,Service Citation,,,Conway.png
Conway,Award,07 September 2025,2 Year Service Citation,Service Citation,,,Conway.png
Conway,Award,07 September 2024,Campaign Medallion,Operational Service Citation,,,Conway.png
Conway,Award,02 August 2025,"Campaign Medallion, First Clasp",Operational Service Citation,,,Conway.png
Conway,Award,03 April 2026,"Campaign Medallion, Second Clasp",Operational Service Citation,,,Conway.png
Conway,Promotion/Role,05 April 2025,,,Leading Private,Machinegunner,Conway.png
Conway,Promotion/Role,26 August 2023,,,Private,Reservist,Conway.png
Conway,Promotion/Role,26 September 2023,,,Private,Machinegunner,Conway.png
Conway,Promotion/Role,02 March 2024,,,Private Proficient,Machinegunner,Conway.png
Conway,Promotion/Role,21 February 2025,,,Private Proficient,Machinegunner,Conway.png
Conway,Promotion/Role,06 August 2023,,,Recruit,Reservist,Conway.png
Conway,Promotion/Role,06 December 2025,,,Senior Private,Machinegunner,Conway.png
Crimp,Award,11 February 2026,1 Year Service Citation,Period of Service Citation,,,Crimp.png
Crimp,Award,07 September 2025,Campaign Medallion,Operational Service Citation,,,Crimp.png
Crimp,Promotion/Role,14 February 2025,,,Private,Reservist,Crimp.png
Crimp,Promotion/Role,10 March 2025,,,Private,Medium Anti-Tank,Crimp.png
Crimp,Promotion/Role,02 August 2025,,,Private Proficient,Medium Anti-Tank,Crimp.png
Crimp,Promotion/Role,06 February 2026,,,Private Proficient,Reservist,Crimp.png
Crimp,Promotion/Role,18 January 2025,,,Recruit,Reservist,Crimp.png
Crow,Promotion/Role,19 November 2025,,,Private,Reservist,Crow.png
Crow,Promotion/Role,17 November 2025,,,Recruit,Reservist,Crow.png
Cyrus,Promotion/Role,19 November 2025,,,Private,Reservist,Cyrus.png
Cyrus,Promotion/Role,25 April 2026,,,Private Proficient,Reservist,Cyrus.png
Cyrus,Promotion/Role,22 October 2025,,,Recruit,Reservist,Cyrus.png
Dab,Award,01 October 2023,1 Year Service Citation,Service Citation,,,Dab1.png
Dab,Award,02 November 2024,2 Year Service Citation,Service Citation,,,Dab1.png
Dab,Award,04 October 2025,3 Year Service Citation,Service Citation,,,Dab1.png
Dab,Award,30 July 2023,Campaign Medallion,Operational Service Citation,,,Dab1.png
Dab,Award,02 March 2024,"Campaign Medallion, First Clasp",Operational Service Citation,,,Dab1.png
Dab,Award,02 November 2025,"Campaign Medallion, Fourth Clasp",Operational Service Citation,,,Dab1.png
Dab,Award,07 September 2024,"Campaign Medallion, Second Clasp",Operational Service Citation,,,Dab1.png
Dab,Award,05 April 2025,"Campaign Medallion, Third Clasp",Operational Service Citation,,,Dab1.png
Dab,Promotion/Role,06 October 2023,,,Corporal,Section Commander,Dab2.png
Dab,Promotion/Role,30 April 2023,,,Lance Corporal,Fireteam Leader,Dab2.png
Dab,Promotion/Role,08 October 2022,,,Private,Reservist,Dab2.png
Dab,Promotion/Role,10 October 2022,,,Private,Medium Anti-Tank,Dab2.png
Dab,Promotion/Role,02 April 2023,,,Private Proficient,Medium Anti-Tank,Dab2.png
Dab,Promotion/Role,14 April 2024,,,Private Proficient,Reservist,Dab2.png
Dab,Promotion/Role,02 October 2024,,,Private Proficient,Medium Anti-Tank,Dab2.png
Dab,Promotion/Role,01 October 2022,,,Recruit,Reservist,Dab2.png
Dab,Promotion/Role,04 October 2025,,,Senior Leading Private,Medium Anti-Tank,Dab2.png
Dab,Promotion/Role,25 January 2026,,,Senior Leading Private,Reservist,Dab2.png
Dab,Promotion/Role,16 November 2024,,,Senior Private,Medium Anti-Tank,Dab2.png
Dajame,Award,07 March 2026,1 Year Service Citation,Service Citation,,,Dajame.png
Dajame,Promotion/Role,21 February 2025,,,Private,Reservist,Dajame.png
Dajame,Promotion/Role,29 March 2025,,,Private,Rifleman/Driver,Dajame.png
Dajame,Promotion/Role,11 August 2025,,,Private,Reservist,Dajame.png
Dajame,Promotion/Role,04 October 2025,,,Private Proficient,Reservist,Dajame.png
Dajame,Promotion/Role,17 February 2025,,,Recruit,Reservist,Dajame.png
DamagedGoods,Award,11 February 2026,1 Year Service Citation,Period of Service Citation,,,DamagedGoods.png
DamagedGoods,Promotion/Role,14 February 2025,,,Private,Reservist,DamagedGoods.png
DamagedGoods,Promotion/Role,02 August 2025,,,Private Proficient,Reservist,DamagedGoods.png
DamagedGoods,Promotion/Role,19 January 2025,,,Recruit,Reservist,DamagedGoods.png
Danno,Award,11 February 2026,1 Year Service Citation,Period of Service Citation,,,Danno.png
Danno,Promotion/Role,24 August 2025,,,Junior Lance Corporal,Fireteam Leader,Danno.png
Danno,Promotion/Role,11 June 2025,,,Private,Machinegunner,Danno.png
Danno,Promotion/Role,02 August 2025,,,Private Proficient,Machinegunner,Danno.png
Danno,Promotion/Role,30 January 2025,,,Recruit,Reservist,Danno.png
Danno,Promotion/Role,30 January 2025,,,Recruit,Machinegunner,Danno.png
Dave,Promotion/Role,14 December 2025,,,Recruit,Reservist,Dave.png
Dawn,Award,11 February 2026,1 Year of Service Citation,Period of Service Citation,,,Dawn.png
Dawn,Award,07 September 2025,Campaign Medallion,Operational Service Citation,,,Dawn.png
Dawn,Promotion/Role,27 September 2025,,,Junior Lance Corporal,Fireteam Leader,Dawn.png
Dawn,Promotion/Role,11 February 2026,,,Lance Corporal,Fireteam Leader,Dawn.png
Dawn,Promotion/Role,27 April 2026,,,Leading Private,Reservist,Dawn.png
Dawn,Promotion/Role,21 January 2025,,,Private,Reservist,Dawn.png
Dawn,Promotion/Role,17 March 2025,,,Private,Machine Gunner,Dawn.png
Dawn,Promotion/Role,02 August 2025,,,Private Proficient,Machine Gunner,Dawn.png
Dawn,Promotion/Role,17 January 2025,,,Recruit,Reservist,Dawn.png
Dempsey,Award,29 May 2022,1 Year Service Citation,Period of Service Citation,,,Dempsey1.png
Dempsey,Award,04 June 2023,2 Year Service Citation,Period of Service Citation,,,Dempsey1.png
Dempsey,Award,20 July 2024,3 Year Service Citation,Period of Service Citation,,,Dempsey1.png
Dempsey,Award,14 November 2021,Campaign Medallion,Operational Service Citation,,,Dempsey1.png
Dempsey,Award,18 September 2022,"Campaign Medallion, First Clasp",Operational Service Citation,,,Dempsey1.png
Dempsey,Award,02 June 2024,"Campaign Medallion, Fourth Clasp",Operational Service Citation,,,Dempsey1.png
Dempsey,Award,04 June 2023,"Campaign Medallion, Second Clasp",Operational Service Citation,,,Dempsey1.png
Dempsey,Award,02 November 2023,"Campaign Medallion, Third Clasp",Operational Service Citation,,,Dempsey1.png
Dempsey,Award,06 June 2023,Group Development Award,Non-Operational Award,,,Dempsey1.png
Dempsey,Promotion/Role,07 August 2022,,,Corporal,Section Commander,Dempsey2.png
Dempsey,Promotion/Role,20 May 2022,,,Lance Corporal,Fireteam Leader,Dempsey2.png
Dempsey,Promotion/Role,10 May 2026,,,Lance Corporal,Fireteam Leader,Dempsey2.png
Dempsey,Promotion/Role,09 July 2023,,,Lieutenant,Platoon Commander,Dempsey2.png
Dempsey,Promotion/Role,30 August 2021,,,Private,Reservist,Dempsey2.png
Dempsey,Promotion/Role,02 June 2024,,,Private Proficient,Reservist,Dempsey2.png
Dempsey,Promotion/Role,29 May 2021,,,Recruit,Reservist,Dempsey2.png
Dempsey,Promotion/Role,09 December 2025,,,Senior Private,Reservist,Dempsey2.png
Dempsey,Promotion/Role,06 February 2026,,,Senior Private,Machinegunner,Dempsey2.png
Dennis,Award,20 August 2021,1 Year Service Citation,Service Citation,,,Dennis1.png
Dennis,Award,04 September 2022,2 Year Service Citation,Service Citation,,,Dennis1.png
Dennis,Award,02 September 2023,3 Year Service Citation,Service Citation,,,Dennis1.png
Dennis,Award,18 April 2021,Campaign Medallion,Operational Service Citation,,,Dennis1.png
Dennis,Award,07 April 2024,"Campaign Medallion Tier 2, First Clasp",Operational Service Citation,,,Dennis1.png
Dennis,Award,06 December 2025,"Campaign Medallion Tier 2, Fourth Clasp",Operational Service Citation,,,Dennis1.png
Dennis,Award,07 September 2024,"Campaign Medallion Tier 2, Second Clasp",Operational Service Citation,,,Dennis1.png
Dennis,Award,07 June 2025,"Campaign Medallion Tier 2, Third Clasp",Operational Service Citation,,,Dennis1.png
Dennis,Award,24 October 2021,"Campaign Medallion, First Clasp",Operational Service Citation,,,Dennis1.png
Dennis,Award,02 September 2023,"Campaign Medallion, Fourth Clasp",Operational Service Citation,,,Dennis1.png
Dennis,Award,22 May 2022,"Campaign Medallion, Second Clasp",Operational Service Citation,,,Dennis1.png
Dennis,Award,04 December 2022,"Campaign Medallion, Third Clasp",Operational Service Citation,,,Dennis1.png
Dennis,Award,07 September 2024,Long Term Service Citation,Service Citation,,,Dennis1.png
Dennis,Promotion/Role,20 August 2020,,,Lance Corporal,Fireteam Leader,Dennis2.png
Dennis,Promotion/Role,20 May 2022,,,Lance Corporal,Fireteam Leader,Dennis2.png
Dennis,Promotion/Role,20 August 2020,,,Private,Rifleman,Dennis2.png
Dennis,Promotion/Role,11 August 2021,,,Private Proficient,Driver / Rifleman,Dennis2.png
Dennis,Promotion/Role,17 November 2023,,,Private Proficient,Driver / Rifleman,Dennis2.png
Dennis,Promotion/Role,16 November 2024,,,Senior Leading Private,Driver / Rifleman,Dennis2.png
Drives,Award,05 November 2023,1 Year Service Citation,Service Citation,,,Drives.png
Drives,Award,02 November 2024,2 Year Service Citation,Service Citation,,,Drives.png
Drives,Award,02 November 2025,3 Year Service Citation,Service Citation,,,Drives.png
Drives,Award,30 July 2023,Campaign Medallion,Operational Service Citation,,,Drives.png
Drives,Promotion/Role,17 March 2023,,,Corporal,Section Commander,Drives.png
Drives,Promotion/Role,15 January 2023,,,Lance Corporal,Fireteam Leader,Drives.png
Drives,Promotion/Role,06 December 2023,,,Leading Private,Reservist,Drives.png
Drives,Promotion/Role,03 November 2022,,,Private,Reservist,Drives.png
Drives,Promotion/Role,06 November 2022,,,Private,Machine Gunner,Drives.png
Drives,Promotion/Role,28 September 2023,,,Private Proficient,Reservist,Drives.png
Drives,Promotion/Role,29 October 2022,,,Recruit,Reservist,Drives.png
Duros,Award,10 December 2023,1 Year Service Citation,Service Citation,,,Duros1.png
Duros,Award,30 November 2024,2 Year Service Citation,Service Citation,,,Duros1.png
Duros,Award,06 December 2025,3 Year Service Citation,Service Citation,,,Duros1.png
Duros,Award,04 June 2023,Campaign Medallion,Operational Service Citation,,,Duros1.png
Duros,Award,07 April 2024,"Campaign Medallion, First Clasp",Operational Service Citation,,,Duros1.png
Duros,Award,02 November 2025,"Campaign Medallion, Fourth Clasp",Operational Service Citation,,,Duros1.png
Duros,Award,07 September 2024,"Campaign Medallion, Second Clasp",Operational Service Citation,,,Duros1.png
Duros,Award,07 June 2025,"Campaign Medallion, Third Clasp",Operational Service Citation,,,Duros1.png
Duros,Award,25 June 2023,Gallantry Award,Operational Award,,,Duros1.png
Duros,Promotion/Role,22 November 2024,,,Lance Corporal Proficient,Fireteam Leader,Duros2.png
Duros,Promotion/Role,10 March 2025,,,Lance Corporal Proficient,Fireteam Leader,Duros2.png
Duros,Promotion/Role,05 April 2025,,,Leading Lance Corporal,Fireteam Leader,Duros2.png
Duros,Promotion/Role,17 December 2022,,,Private,Reservist,Duros2.png
Duros,Promotion/Role,19 February 2023,,,Private,Section Medic,Duros2.png
Duros,Promotion/Role,04 June 2023,,,Private Proficient,Section Medic,Duros2.png
Duros,Promotion/Role,16 November 2022,,,Recruit,Reservist,Duros2.png
Duros,Promotion/Role,01 May 2026,,,Senior Corporal,Section Commander,Duros2.png
Duros,Promotion/Role,11 February 2026,,,Senior Leading Private,Medic,Duros2.png
Duros,Promotion/Role,16 November 2024,,,Senior Private,Reservist,Duros2.png
Duros,Promotion/Role,23 May 2025,,,Senior Private,Reservist,Duros2.png
Duros,Promotion/Role,25 May 2025,,,Senior Private,Section Medic,Duros2.png
Duros,Promotion/Role,02 February 2026,,,Senior Private,Medic,Duros2.png
Elvera,Award,05 November 2023,1 Year Service Citation,Service Citation,,,Elvera1.png
Elvera,Award,02 November 2024,2 Year Service Citation,Service Citation,,,Elvera1.png
Elvera,Award,02 November 2025,3 Year Service Citation,Service Citation,,,Elvera1.png
Elvera,Award,02 September 2023,Campaign Medallion,Operational Service Citation,,,Elvera1.png
Elvera,Award,02 June 2024,"Campaign Medallion, First Clasp",Operational Service Citation,,,Elvera1.png
Elvera,Award,30 April 2023,Group Development,Non Operational Award,,,Elvera1.png
Elvera,Award,02 September 2023,Instructor Award,Non Operational Award,,,Elvera1.png
Elvera,Promotion/Role,04 December 2022,,,Flight Lieutenant,Pilot,Elvera2.png
Elvera,Promotion/Role,20 March 2023,,,Flight Lieutenant,Pilot,Elvera2.png
Elvera,Promotion/Role,19 November 2023,,,Lieutenant,Platoon Commander,Elvera2.png
Elvera,Promotion/Role,03 November 2022,,,Private,Reservist,Elvera2.png
Elvera,Promotion/Role,06 March 2023,,,Private,Reservist,Elvera2.png
Elvera,Promotion/Role,02 June 2023,,,Private,Reservist,Elvera2.png
Elvera,Promotion/Role,04 June 2023,,,Private Proficient,Reservist,Elvera2.png
Elvera,Promotion/Role,17 June 2023,,,Private Proficient,Medic,Elvera2.png
Elvera,Promotion/Role,31 October 2022,,,Recruit,Reservist,Elvera2.png
Elvera,Promotion/Role,06 December 2025,,,Senior Leading Private,Reservist,Elvera2.png
Elvera,Promotion/Role,16 November 2024,,,Senior Leading Signaller,Platoon Signaller,Elvera2.png
Elvera,Promotion/Role,27 August 2025,,,Senior Private,Reservist,Elvera2.png
Elvera,Promotion/Role,21 October 2024,,,Signaller,Platoon Signaller,Elvera2.png
Elvera,Promotion/Role,09 July 2023,,,Wing Commander,Flight Commander,Elvera2.png
Enfield,Promotion/Role,13 March 2026,,,Officer Cadet,Trainee Pilot,Enfield.png
Enfield,Promotion/Role,10 February 2026,,,Private,Reservist,Enfield.png
Enfield,Promotion/Role,24 May 2026,,,Private,Reservist,Enfield.png
Enfield,Promotion/Role,08 February 2026,,,Recruit,Reservist,Enfield.png
Ethan,Promotion/Role,01 February 2026,,,Recruit,Reservist,Ethan.png
Fade,Promotion/Role,04 June 2026,,,Recruit,Reservist,Fade.png
Flanker,Promotion/Role,23 March 2026,,,Recruit,Reservist,Flanker.png
Flurp,Award,05 April 2025,1 Year Service Citation,Period of Service Citation,,,Flurp.png
Flurp,Award,03 May 2026,2 Year Service Citation,Period of Service Citation,,,Flurp.png
Flurp,Award,29 September 2024,Campaign Medallion,Operational Service Citation,,,Flurp.png
Flurp,Award,02 August 2025,"Campaign Medallion, First Clasp",Operational Service Citation,,,Flurp.png
Flurp,Award,07 March 2026,"Campaign Medallion, Second Clasp",Operational Service Citation,,,Flurp.png
Flurp,Award,29 September 2024,Junior Leadership Award,Leadership Award,,,Flurp.png
Flurp,Promotion/Role,21 October 2024,,,Corporal,Section Commander,Flurp.png
Flurp,Promotion/Role,02 August 2025,,,Corporal,Section Commander,Flurp.png
Flurp,Promotion/Role,11 February 2026,,,Corporal Proficient,Section Commander,Flurp.png
Flurp,Promotion/Role,16 November 2024,,,Junior Corporal,Section Commander,Flurp.png
Flurp,Promotion/Role,21 July 2024,,,Lance Corporal,Fireteam Leader,Flurp.png
Flurp,Promotion/Role,21 March 2024,,,Private,Reservist,Flurp.png
Flurp,Promotion/Role,24 March 2024,,,Private,Machine Gunner,Flurp.png
Flurp,Promotion/Role,16 March 2024,,,Recruit,Reservist,Flurp.png
Formula,Award,07 March 2026,1 Year Service Citation,Service Citation,,,Formula.png
Formula,Promotion/Role,31 January 2026,,,Junior Lance Corporal,Fireteam Leader,Formula.png
Formula,Promotion/Role,13 March 2025,,,Private,Reservist,Formula.png
Formula,Promotion/Role,20 April 2026,,,Private Proficient,Reservist,Formula.png
Formula,Promotion/Role,26 February 2025,,,Recruit,Reservist,Formula.png
FOSS,Award,13 May 2024,1 Year Service Citation,Service Citation,,,FOSS.png
FOSS,Promotion/Role,27 May 2023,,,Private,Reservist,FOSS.png
FOSS,Promotion/Role,10 December 2023,,,Private Proficient,Reservist,FOSS.png
FOSS,Promotion/Role,28 April 2026,,,Private Proficient,Reservist,FOSS.png
FOSS,Promotion/Role,16 May 2023,,,Recruit,Reservist,FOSS.png
Frankie,Award,01 February 2025,Bronze Soldier Medallion,Non-Operational Award,,,Frankie.png
Frankie,Award,07 September 2025,Campaign Medallion,Operational Service Citation,,,Frankie.png
Frankie,Promotion/Role,24 August 2025,,,Junior Corporal,Section Commander,Frankie.png
Frankie,Promotion/Role,31 January 2026,,,Junior Corporal,Section Commander,Frankie.png
Frankie,Promotion/Role,18 April 2025,,,Junior Lance Corporal,Fireteam Leader,Frankie.png
Frankie,Promotion/Role,21 January 2026,,,Leading Private,Reservist,Frankie.png
Frankie,Promotion/Role,22 March 2026,,,Leading Private,Reservist,Frankie.png
Frankie,Promotion/Role,17 April 2026,,,Leading Private,Medium Anti-Tank,Frankie.png
Frankie,Promotion/Role,09 September 2024,,,Private,Reservist,Frankie.png
Frankie,Promotion/Role,12 September 2024,,,Private,Machine Gunner,Frankie.png
Frankie,Promotion/Role,01 February 2025,,,Private Proficient,Machine Gunner,Frankie.png
Frankie,Promotion/Role,30 July 2024,,,Recruit,Reservist,Frankie.png
Frosty,Promotion/Role,19 May 2026,,,Recruit,Reservist,Frosty.png
Fry,Award,11 February 2026,1 Year Service Citation,Service Citation,,,Fry.png
Fry,Promotion/Role,18 November 2025,,,Junior Lance Corporal,Fireteam Leader,Fry.png
Fry,Promotion/Role,14 February 2026,,,Private Proficient,Reservist,Fry.png
Fry,Promotion/Role,12 August 2025,,,Recruit,Reservist,Fry.png
Fry,Promotion/Role,12 August 2025,,,Recruit,Sapper,Fry.png
Fry,Promotion/Role,29 August 2025,,,Sapper,Sapper,Fry.png
Fulcrum,Award,01 October 2023,1 Year Service Citation,Period of Service Citation,,,Fulcrum1.png
Fulcrum,Award,29 September 2024,2 Year Service Citation,Period of Service Citation,,,Fulcrum1.png
Fulcrum,Award,04 October 2025,3 Year Service Citation,Period of Service Citation,,,Fulcrum1.png
Fulcrum,Award,30 November 2024,Bronze Soldiers Medallion,Non-Operational Award,,,Fulcrum1.png
Fulcrum,Award,04 June 2023,Campaign Medallion,Operational Service Citation,,,Fulcrum1.png
Fulcrum,Award,07 September 2024,"Campaign Medallion, First Clasp",Operational Service Citation,,,Fulcrum1.png
Fulcrum,Award,01 October 2023,Group Development Award,Non-Operational Award,,,Fulcrum1.png
Fulcrum,Promotion/Role,06 August 2023,,,Corporal,Section Commander,Fulcrum2.png
Fulcrum,Promotion/Role,08 October 2022,,,Private,Section Medic,Fulcrum2.png
Fulcrum,Promotion/Role,14 February 2023,,,Private,Medic,Fulcrum2.png
Fulcrum,Promotion/Role,02 April 2023,,,Private Proficient,Medic,Fulcrum2.png
Fulcrum,Promotion/Role,17 September 2022,,,Recruit,Reservist,Fulcrum2.png
Fulcrum,Promotion/Role,30 September 2022,,,Recruit,Machine Gunner,Fulcrum2.png
Fulcrum,Promotion/Role,31 January 2026,,,Second Lieutenant,Medical Officer,Fulcrum2.png
Fulcrum,Promotion/Role,02 November 2025,,,Senior Leading Private,Reservist,Fulcrum2.png
Fulcrum,Promotion/Role,10 December 2024,,,Senior Private,Reservist,Fulcrum2.png
Fulcrum,Promotion/Role,08 December 2023,,,Sergeant,Medical Sergeant,Fulcrum2.png
Fulcrum,Promotion/Role,27 November 2024,,,Staff Sergeant,Medical Sergeant,Fulcrum2.png
Gem,Award,03 May 2026,Protagonist Award,Leadership Award,,,Gem.png
Gem,Promotion/Role,12 November 2025,,,Private,Reservist,Gem.png
Gem,Promotion/Role,07 November 2025,,,Recruit,Reservist,Gem.png
Gem,Promotion/Role,02 January 2026,,,Sapper,Engineer,Gem.png
Gem,Promotion/Role,08 March 2026,,,Sapper Proficient,Reservist,Gem.png
Goodman,Award,07 March 2026,1 Year Service Citation,Service Citation,,,Goodman.png
Goodman,Promotion/Role,28 September 2025,,,Private,Reservist,Goodman.png
Goodman,Promotion/Role,04 October 2025,,,Private Proficient,Reservist,Goodman.png
Goose,Promotion/Role,11 June 2025,,,Private,Reservist,Goose.png
Goose,Promotion/Role,06 December 2025,,,Private Proficient,Reservist,Goose.png
Goose,Promotion/Role,19 May 2025,,,Recruit,Reservist,Goose.png
Grubby,Promotion/Role,18 December 2025,,,Recruit,Aircrewman,Grubby.png
Grumpy,Promotion/Role,26 March 2026,,,Recruit,Reservist,Grumpy.png
Guardsman,Award,01 February 2025,1 Year Service Citation,Service Citation,,,Guardsman.png
Guardsman,Award,11 February 2026,2 Year Service Citation,Service Citation,,,Guardsman.png
Guardsman,Award,02 June 2024,Campaign Medallion,Operational Service Citation,,,Guardsman.png
Guardsman,Award,09 March 2025,"Campaign Medallion, First Clasp",Operational Service Citation,,,Guardsman.png
Guardsman,Award,07 September 2025,"Campaign Medallion, Second Clasp",Operational Service Citation,,,Guardsman.png
Guardsman,Promotion/Role,07 June 2025,,,Corporal,Section Commander,Guardsman.png
Guardsman,Promotion/Role,08 January 2026,,,Corporal Proficient,Section Commander,Guardsman.png
Guardsman,Promotion/Role,30 January 2025,,,Junior Corporal,Section Commander,Guardsman.png
Guardsman,Promotion/Role,16 November 2024,,,Junior Lance Corporal,Fireteam Leader,Guardsman.png
Guardsman,Promotion/Role,13 July 2024,,,Lance Corporal,Fireteam Leader,Guardsman.png
Guardsman,Promotion/Role,03 May 2026,,,Leading Corporal,Section Commander,Guardsman.png
Guardsman,Promotion/Role,19 January 2024,,,Private,Reservist,Guardsman.png
Guardsman,Promotion/Role,09 February 2024,,,Private,Machine Gunner,Guardsman.png
Guardsman,Promotion/Role,17 January 2024,,,Recruit,Reservist,Guardsman.png
Guardsman,Promotion/Role,24 August 2025,,,Senior Private,Reservist,Guardsman.png
Gum,Award,01 February 2025,1 Year Service Citation,Period of Service Citation,,,Gum.png
Gum,Award,11 February 2026,2 Year Service Citation,Period of Service Citation,,,Gum.png
Gum,Award,07 September 2024,Campaign Medallion,Operational Service Citation,,,Gum.png
Gum,Award,02 August 2025,"Campaign Medallion, First Clasp",Operational Service Citation,,,Gum.png
Gum,Award,07 March 2026,"Campaign Medallion, Second Clasp",Operational Service Citation,,,Gum.png
Gum,Promotion/Role,20 September 2025,,,Lance Corporal,Fireteam Leader,Gum.png
Gum,Promotion/Role,11 February 2026,,,Lance Corporal Proficient,Fireteam Leader,Gum.png
Gum,Promotion/Role,03 May 2026,,,Leading Lance Corporal,Fireteam Leader,Gum.png
Gum,Promotion/Role,07 June 2025,,,Leading Private,Section Medic,Gum.png
Gum,Promotion/Role,14 February 2024,,,Private,Reservist,Gum.png
Gum,Promotion/Role,01 March 2024,,,Private,Machine Gunner,Gum.png
Gum,Promotion/Role,03 May 2024,,,Private,Section Medic,Gum.png
Gum,Promotion/Role,07 September 2024,,,Private Proficient,Section Medic,Gum.png
Gum,Promotion/Role,31 January 2024,,,Recruit,Reservist,Gum.png
Gyphorim,Award,07 March 2026,1 Year Service Citation,Service Citation,,,Gyphorim.png
Gyphorim,Promotion/Role,16 October 2025,,,Private,Reservist,Gyphorim.png
Gyphorim,Promotion/Role,02 November 2025,,,Private Proficient,Reservist,Gyphorim.png
Gyphorim,Promotion/Role,17 February 2025,,,Recruit,Reservist,Gyphorim.png
Gyphorim,Promotion/Role,07 November 2025,,,Trooper Proficient,Crewman,Gyphorim.png
HackJack,Promotion/Role,03 May 2026,,,Leading Private,Medic,HackJack.png
HackJack,Promotion/Role,10 February 2026,,,Private,Reservist,HackJack.png
HackJack,Promotion/Role,09 March 2026,,,Private,Medic,HackJack.png
HackJack,Promotion/Role,24 January 2026,,,Recruit,Reservist,HackJack.png
Happy,Promotion/Role,23 January 2026,,,Recruit,Reservist,Happy.png
Hectic,Promotion/Role,29 May 2026,,,Gunner,Gunner,Hectic.png
Hectic,Promotion/Role,20 March 2026,,,Private,Reservist,Hectic.png
Hectic,Promotion/Role,19 March 2026,,,Recruit,Reservist,Hectic.png
Hectic,Promotion/Role,26 March 2026,,,Sapper,Sapper,Hectic.png
Henerse,Promotion/Role,16 September 2025,,,Private,Reservist,Henerse.png
Henerse,Promotion/Role,25 April 2026,,,Private Proficient,Reservist,Henerse.png
Henerse,Promotion/Role,16 September 2025,,,Recruit,Reservist,Henerse.png
Henerse,Promotion/Role,17 October 2025,,,Trooper,Crewman,Henerse.png
Hord,Award,22 January 2024,1 Year Service Citation,Service Citation,,,Hord.png
Hord,Award,01 February 2025,2 Year Service Citation,Service Citation,,,Hord.png
Hord,Award,11 February 2026,3 Year Service Citation,Service Citation,,,Hord.png
Hord,Award,09 March 2025,Campaign Medallion,Operation Service Citation,,,Hord.png
Hord,Promotion/Role,11 February 2026,,,Leading Private,Reservist,Hord.png
Hord,Promotion/Role,07 January 2023,,,Private,Reservist,Hord.png
Hord,Promotion/Role,10 December 2023,,,Private,Reservist,Hord.png
Hord,Promotion/Role,20 January 2025,,,Private Proficient,Reservist,Hord.png
Hord,Promotion/Role,27 December 2022,,,Recruit,Reservist,Hord.png
Hord,Promotion/Role,05 February 2023,,,Trooper,Crewman,Hord.png
Hotshot,Award,05 May 2025,1 Year Service Citation,Service Citation,,,Hotshot.png
Hotshot,Award,03 May 2026,2 Year Service Citation,Service Citation,,,Hotshot.png
Hotshot,Award,02 November 2024,Campaign Medallion,Operational Service Citation,,,Hotshot.png
Hotshot,Award,02 August 2025,"Campaign Medallion, First Clasp",Operational Service Citation,,,Hotshot.png
Hotshot,Promotion/Role,21 January 2026,,,Corporal Proficient,Section Commander,Hotshot.png
Hotshot,Promotion/Role,09 February 2025,,,Junior Lance Corporal,Fireteam Leader,Hotshot.png
Hotshot,Promotion/Role,05 April 2025,,,Lance Corporal,Fireteam Leader,Hotshot.png
Hotshot,Promotion/Role,02 August 2025,,,Lance Corporal Proficient,Fireteam Leader,Hotshot.png
Hotshot,Promotion/Role,11 February 2026,,,Leading Corporal,Section Commander,Hotshot.png
Hotshot,Promotion/Role,06 December 2025,,,Leading Lance Corporal,Fireteam Leader,Hotshot.png
Hotshot,Promotion/Role,23 April 2024,,,Private,Reservist,Hotshot.png
Hotshot,Promotion/Role,28 April 2024,,,Private,Machine Gunner,Hotshot.png
Hotshot,Promotion/Role,20 April 2024,,,Recruit,Reservist,Hotshot.png
Iffy,Award,01 February 2025,1 Year Service Citation,Service Citation,,,Iffy.png
Iffy,Award,11 February 2026,2 Year Service Citation,Operational Service Citation,,,Iffy.png
Iffy,Award,07 September 2024,Campaign Medallion,Operational Service Citation,,,Iffy.png
Iffy,Award,07 June 2025,"Campaign Medallion, First Clasp",Operational Service Citation,,,Iffy.png
Iffy,Award,02 November 2025,"Campaign Medallion, Second Clasp",Operational Service Citation,,,Iffy.png
Iffy,Promotion/Role,05 April 2025,,,Leading Private,Machinegunner,Iffy.png
Iffy,Promotion/Role,14 January 2024,,,Private,Reservist,Iffy.png
Iffy,Promotion/Role,02 February 2024,,,Private,Machinegunner,Iffy.png
Iffy,Promotion/Role,09 April 2024,,,Private,Reservist,Iffy.png
Iffy,Promotion/Role,21 July 2024,,,Private Proficient,Reservist,Iffy.png
Iffy,Promotion/Role,18 August 2024,,,Private Proficient,Machinegunner,Iffy.png
Iffy,Promotion/Role,14 January 2024,,,Recruit,Reservist,Iffy.png
Iffy,Promotion/Role,06 December 2025,,,Senior Private,Machinegunner,Iffy.png
Iron,Award,07 June 2025,1 Year Service Citation,Period of Service Citation,,,Iron.png
Iron,Award,02 November 2025,Campaign Medallion,Operational Service Citation,,,Iron.png
Iron,Promotion/Role,08 March 2026,,,Leading Private,Rifleman/Driver,Iron.png
Iron,Promotion/Role,13 July 2024,,,Private,Reservist,Iron.png
Iron,Promotion/Role,17 January 2025,,,Private,Rifleman/Driver,Iron.png
Iron,Promotion/Role,01 February 2025,,,Private Proficient,Rifleman/Driver,Iron.png
Iron,Promotion/Role,08 June 2024,,,Recruit,Reservist,Iron.png
J.Cole,Award,07 September 2024,1 Year Service Citation,Service Citation,,,J.Cole.png
J.Cole,Award,07 September 2025,2 Year Service Citation,Service Citation,,,J.Cole.png
J.Cole,Award,07 September 2024,Campaign Medallion,Operational Service Citation,,,J.Cole.png
J.Cole,Promotion/Role,25 November 2024,,,Leading Trooper,Crewman,J.Cole.png
J.Cole,Promotion/Role,08 September 2023,,,Private,Reservist,J.Cole.png
J.Cole,Promotion/Role,31 August 2023,,,Recruit,Reservist,J.Cole.png
J.Cole,Promotion/Role,02 February 2025,,,Senior Trooper,Crewman,J.Cole.png
J.Cole,Promotion/Role,09 September 2023,,,Trooper,Crewman,J.Cole.png
J45un,Award,02 August 2025,1 Year Service Citation,Service Citation,,,J45un.png
J45un,Award,09 March 2025,Campaign Medallion,Operational Service Citation,,,J45un.png
J45un,Award,06 December 2025,"Campaign Medallion, Second Clasp",Operational Service Citation,,,J45un.png
J45un,Promotion/Role,24 March 2026,,,Lance Corporal Proficient,Fireteam Leader,J45un.png
J45un,Promotion/Role,02 August 2025,,,Leading Private,Machine Gunner,J45un.png
J45un,Promotion/Role,13 July 2024,,,Private,Reservist,J45un.png
J45un,Promotion/Role,07 September 2024,,,Private,Machine Gunner,J45un.png
J45un,Promotion/Role,01 February 2025,,,Private Proficient,Machine Gunner,J45un.png
J45un,Promotion/Role,25 June 2024,,,Recruit,Reservist,J45un.png
J45un,Promotion/Role,08 March 2026,,,Senior Private,Machine Gunner,J45un.png
Jackal,Award,29 September 2024,1 Year Service Citation,Service Citation,,,Jackal.png
Jackal,Award,07 September 2025,2 Year Service Citation,Service Citation,,,Jackal.png
Jackal,Award,06 December 2025,Bronze Soldier Medallion Certtificate,Non-Operational Award,,,Jackal.png
Jackal,Award,02 June 2024,Campaign Medallion,Operational Service Citation,,,Jackal.png
Jackal,Award,02 November 2024,"Campaign Medallion, First Clasp",Operational Service Citation,,,Jackal.png
Jackal,Award,04 May 2024,Junior Leadership Award,Leadership Award,,,Jackal.png
Jackal,Promotion/Role,12 August 2024,,,Corporal,Section Commander,Jackal.png
Jackal,Promotion/Role,28 February 2024,,,Lance Corporal,Fireteam Leader,Jackal.png
Jackal,Promotion/Role,28 September 2023,,,Private,Reservist,Jackal.png
Jackal,Promotion/Role,07 October 2023,,,Private,Rifleman,Jackal.png
Jackal,Promotion/Role,09 September 2023,,,Recruit,Reservist,Jackal.png
Jackal,Promotion/Role,14 January 2025,,,Senior Private,Reservist,Jackal.png
Jacknife,Promotion/Role,09 April 2025,,,Aircraftsman,Aircrewman,Jacknife.png
Jacknife,Promotion/Role,11 February 2026,,,Flying Officer,Pilot,Jacknife.png
Jacknife,Promotion/Role,10 April 2026,,,Leading Aircraftsman,Aircrewman,Jacknife.png
Jacknife,Promotion/Role,06 June 2025,,,Officer Cadet,Trainee Pilot,Jacknife.png
Jacknife,Promotion/Role,15 January 2026,,,Pilot Officer,Pilot,Jacknife.png
Jacknife,Promotion/Role,01 April 2025,,,Private,Reservist,Jacknife.png
Jacknife,Promotion/Role,07 March 2026,,,Private Proficient,Reservist,Jacknife.png
Jacknife,Promotion/Role,18 March 2025,,,Recruit,Reservist,Jacknife.png
Jayden,Award,05 November 2023,1 Year Service Citation,Period of Service Citation,,,Jayden1.png
Jayden,Award,02 November 2024,2 Year Service Citation,Period of Service Citation,,,Jayden1.png
Jayden,Award,02 November 2025,3 Year Service Citation,Period of Service Citation,,,Jayden1.png
Jayden,Award,02 June 2024,Campaign Medallion,Operational Service Citation,,,Jayden1.png
Jayden,Award,07 June 2025,"Campaign Medallion, First Clasp",Operational Service Citation,,,Jayden1.png
Jayden,Award,02 November 2025,"Campaign Medallion, Second Clasp",Operational Service Citation,,,Jayden1.png
Jayden,Promotion/Role,04 March 2024,,,Bombardier,Battery Commander,Jayden2.png
Jayden,Promotion/Role,09 March 2025,,,Bombardier Proficient,Battery Commander,Jayden2.png
Jayden,Promotion/Role,08 April 2023,,,Gunner,Gunner,Jayden2.png
Jayden,Promotion/Role,07 September 2025,,,Leading Bombardier,Battery Commander,Jayden2.png
Jayden,Promotion/Role,10 November 2022,,,Private,Reservist,Jayden2.png
Jayden,Promotion/Role,14 February 2023,,,Private,Medic,Jayden2.png
Jayden,Promotion/Role,04 June 2023,,,Private Proficient,Gunner,Jayden2.png
Jayden,Promotion/Role,03 November 2022,,,Recruit,Reservist,Jayden2.png
Jayden,Promotion/Role,11 February 2026,,,Sergeant At Arms,Troop Sergeant,Jayden2.png
Jayden,Promotion/Role,23 January 2026,,,Staff Sergeant,Troop Sergeant,Jayden2.png
Jayzee,Award,01 February 2025,1 Year Service Citation,Service Citation,,,Jayzee.png
Jayzee,Award,11 February 2026,2 Year Service Citation,Service Citation,,,Jayzee.png
Jayzee,Award,02 June 2024,Campaign Medallion,Operational Service Citation,,,Jayzee.png
Jayzee,Award,09 March 2025,"Campaign Medallion, First Clasp",Operational Service Citation,,,Jayzee.png
Jayzee,Award,07 September 2025,"Campaign Medallion, Second Clasp",Operational Service Citation,,,Jayzee.png
Jayzee,Award,03 April 2026,"Campaign Medallion, Third Clasp",Operational Service Citation,,,Jayzee.png
Jayzee,Promotion/Role,21 September 2024,,,Corporal,Section Commander,Jayzee.png
Jayzee,Promotion/Role,09 February 2024,,,Lance Corporal,Fireteam Leader,Jayzee.png
Jayzee,Promotion/Role,14 February 2025,,,Lance Corporal Proficient,Platoon Medic,Jayzee.png
Jayzee,Promotion/Role,07 June 2025,,,Leading Lance Corporal,Platoon Medic,Jayzee.png
Jayzee,Promotion/Role,14 January 2024,,,Private,Reservist,Jayzee.png
Jayzee,Promotion/Role,14 January 2024,,,Private,Medic,Jayzee.png
Jayzee,Promotion/Role,10 December 2023,,,Recruit,Reservist,Jayzee.png
Jayzee,Promotion/Role,03 May 2026,,,Senior Lance Corporal,Platoon Medic,Jayzee.png
Jesse,Promotion/Role,29 August 2025,,,Private,Machine Gunner,Jesse.png
Jesse,Promotion/Role,06 December 2025,,,Private Proficient,Machine Gunner,Jesse.png
Jesse,Promotion/Role,30 January 2026,,,Private Proficient,Reservist,Jesse.png
Jesse,Promotion/Role,08 June 2025,,,Recruit,Reservist,Jesse.png
Jesse,Promotion/Role,30 July 2025,,,Recruit,Machine Gunner,Jesse.png
Jester,Promotion/Role,17 December 2025,,,Private,Reservist,Jester.png
Jester,Promotion/Role,07 February 2026,,,Private,Machinegunner,Jester.png
Jester,Promotion/Role,07 December 2025,,,Recruit,Reservist,Jester.png
Jewel,Promotion/Role,12 May 2026,,,Junior Lance Corporal,Fireteam Leader,Jewel.png
Jewel,Promotion/Role,29 October 2025,,,Private,Reservist,Jewel.png
Jewel,Promotion/Role,19 October 2025,,,Recruit,Reservist,Jewel.png
Jewel,Promotion/Role,14 November 2025,,,Sapper,Sapper,Jewel.png
Jewel,Promotion/Role,08 March 2026,,,Sapper Proficient,Sapper,Jewel.png
Jin,Award,30 November 2024,1 Year Citation,Period of Service Citation,,,Jin1.png
Jin,Award,06 December 2025,2 Year Service Citation,Period of Service Citation,,,Jin1.png
Jin,Award,02 June 2024,Campaign Medallion,Operational Service Citation,,,Jin1.png
Jin,Award,09 March 2025,"Campaign Medallion, First Clasp",Operational Service Citation,,,Jin1.png
Jin,Award,07 September 2025,"Campaign Medallion, Second Clasp",Operational Service Citation,,,Jin1.png
Jin,Promotion/Role,29 November 2024,,,Flight Leader,Flight 2IC,Jin2.png
Jin,Promotion/Role,19 March 2024,,,Flight Lieutenant,Pilot,Jin2.png
Jin,Promotion/Role,25 August 2025,,,Flight Lieutenant,Pilot,Jin2.png
Jin,Promotion/Role,06 December 2025,,,Flight Lieutenant,Pilot,Jin2.png
Jin,Promotion/Role,25 November 2024,,,Flying Officer,Pilot,Jin2.png
Jin,Promotion/Role,28 November 2023,,,Recruit,Reservist,Jin2.png
Jin,Promotion/Role,02 December 2023,,,Recruit,Crewman,Jin2.png
Jin,Promotion/Role,29 August 2025,,,Senior Gunner,Gunner,Jin2.png
Jin,Promotion/Role,09 March 2025,,,Squadron Leader,Flight 2IC,Jin2.png
Jin,Promotion/Role,06 December 2023,,,Trooper,Crewman,Jin2.png
Jin,Promotion/Role,17 April 2026,,,Wing Commander,Flight 2IC,Jin2.png
Jin,Promotion/Role,24 May 2026,,,Wing Commander,Flight Commander,Jin2.png
Joey,Award,03 April 2026,Campaign Medallion,Operational Service Citation,,,Joey.png
Joey,Promotion/Role,26 September 2025,,,Private,Reservist,Joey.png
Joey,Promotion/Role,10 October 2025,,,Private,Rifleman (CFA),Joey.png
Joey,Promotion/Role,25 April 2025,,,Private Proficient,Rifleman (CFA),Joey.png
Joey,Promotion/Role,16 September 2025,,,Recruit,Reservist,Joey.png
Johno,Promotion/Role,09 April 2026,,,Private,Reservist,Johno.png
Johno,Promotion/Role,20 April 2026,,,Private,Medic,Johno.png
Johno,Promotion/Role,26 March 2026,,,Recruit,Reservist,Johno.png
Koda,Award,04 October 2025,1 Year Service Citation,Period of Service Citation,,,Koda.png
Koda,Award,07 June 2025,Campaign Medallion,Operational Service Citation,,,Koda.png
Koda,Award,06 December 2025,"Campaign Medallion, Second Clasp",Operational Service Citation,,,Koda.png
Koda,Promotion/Role,07 September 2025,,,Leading Private,Rifleman (CFA),Koda.png
Koda,Promotion/Role,04 October 2024,,,Private,Reservist,Koda.png
Koda,Promotion/Role,29 November 2024,,,Private,Section Medic,Koda.png
Koda,Promotion/Role,15 February 2025,,,Private,Rifleman (CFA),Koda.png
Koda,Promotion/Role,09 March 2025,,,Private Proficient,Rifleman (CFA),Koda.png
Koda,Promotion/Role,27 September 2024,,,Recruit,Reservist,Koda.png
Koda,Promotion/Role,08 March 2026,,,Senior Private,Rifleman (CFA),Koda.png
KOFF,Promotion/Role,19 May 2026,,,Recruit,Reservist,KOFF.png
Lazypixl,Award,05 April 2025,1 Year Service Citation,Service Citation,,,Lazypixl.png
Lazypixl,Award,03 May 2026,2 Year Service Citation,Service Citation,,,Lazypixl.png
Lazypixl,Award,29 September 2024,Campaign Medallion,Operational Service Citation,,,Lazypixl.png
Lazypixl,Award,07 September 2025,"Campaign Medallion, First Clasp",Operational Service Citation,,,Lazypixl.png
Lazypixl,Promotion/Role,25 May 2024,,,Lance Corporal,Fireteam Leader,Lazypixl.png
Lazypixl,Promotion/Role,07 June 2025,,,Lance Corporal Proficient,Fireteam Leader,Lazypixl.png
Lazypixl,Promotion/Role,11 February 2026,,,Leading Lance Corporal,Fireteam Leader,Lazypixl.png
Lazypixl,Promotion/Role,05 April 2024,,,Private,Reservist,Lazypixl.png
Lazypixl,Promotion/Role,04 April 2024,,,Recruit,Reservist,Lazypixl.png
Lazypixl,Promotion/Role,14 April 2024,,,Sapper,Sapper,Lazypixl.png
Lazypixl,Promotion/Role,12 May 2026,,,Senior Sapper,Sapper,Lazypixl.png
Lest,Award,05 November 2023,1 Year Service Citation,Period of Service Citation,,,Lest.png
Lest,Award,02 November 2024,2 Year Service Citation,Period of Service Citation,,,Lest.png
Lest,Award,04 October 2025,3 Year Service Citation,Period of Service Citation,,,Lest.png
Lest,Award,02 September 2023,Campaign Medallion,Operational Service Citation,,,Lest.png
Lest,Award,02 August 2025,"Campaign Medallion, First Clasp",Operational Service Citation,,,Lest.png
Lest,Award,06 December 2025,Protagonist Award,Leadership Award,,,Lest.png
Lest,Promotion/Role,21 November 2024,,,Air Commodore,Aviation Commander,Lest.png
Lest,Promotion/Role,19 November 2022,,,Flight Lieutenant,Pilot,Lest.png
Lest,Promotion/Role,21 April 2025,,,Flight Lieutenant,Pilot,Lest.png
Lest,Promotion/Role,08 April 2024,,,Group Captain,Aviation Commander,Lest.png
Lest,Promotion/Role,05 October 2022,,,Recruit,Reservist,Lest.png
Lest,Promotion/Role,26 February 2026,,,Senior Private,Reservist,Lest.png
Lest,Promotion/Role,09 July 2023,,,Squadron Leader,Flight 2IC,Lest.png
Lest,Promotion/Role,09 October 2023,,,Wing Commander,Flight Commander,Lest.png
Llama,Promotion/Role,04 January 2025,,,Recruit,Reservist,Llama.png
Lobo,Award,20 July 2024,1 Year Service Citation,Period of Service Citation,,,Lobo1.png
Lobo,Award,02 August 2025,2 Year Service Citation,Period of Service Citation,,,Lobo1.png
Lobo,Award,02 March 2024,Campaign Medallion,Operational Service Citation,,,Lobo1.png
Lobo,Award,07 September 2024,"Campaign Medallion, First Clasp",Operational Service Citation,,,Lobo1.png
Lobo,Award,07 June 2025,"Campaign Medallion, Second Clasp",Operational Service Citation,,,Lobo1.png
Lobo,Award,07 March 2026,"Campaign Medallion, Third Clasp",Operational Service Citation,,,Lobo1.png
Lobo,Award,07 April 2024,Senior Leadership Award,Leadership Award,,,Lobo1.png
Lobo,Promotion/Role,09 October 2023,,,Corporal,Section Commander,Lobo2.png
Lobo,Promotion/Role,04 August 2023,,,Lance Corporal,Fireteam Leader,Lobo2.png
Lobo,Promotion/Role,28 November 2024,,,Officer Cadet,Trainee Pilot,Lobo2.png
Lobo,Promotion/Role,13 July 2023,,,Private,Reservist,Lobo2.png
Lobo,Promotion/Role,06 July 2023,,,Recruit,Reservist,Lobo2.png
Lobo,Promotion/Role,04 December 2025,,,Senior Flight Lieutenant,Pilot,Lobo2.png
Lobo,Promotion/Role,26 November 2024,,,Senior Private,Reservist,Lobo2.png
Lobo,Promotion/Role,12 August 2024,,,Sergeant,Platoon Sergeant,Lobo2.png
Lucky,Promotion/Role,22 May 2026,,,Recruit,Reservist,Lucky.png
Maloney,Award,02 August 2025,1 Year Service Citation,Service Citation,,,Maloney1.png
Maloney,Award,05 April 2025,Bronze Soldiers Medallion,Non-Operational Award,,,Maloney1.png
Maloney,Award,09 March 2025,Campaign Medallion,Operational Service Citation,,,Maloney1.png
Maloney,Award,07 September 2025,"Campaign Medallion, First Clasp",Operational Service Citation,,,Maloney1.png
Maloney,Promotion/Role,06 March 2026,,,Flight Lieutenant,Pilot,Maloney2.png
Maloney,Promotion/Role,16 November 2024,,,Junior Lance Corporal,Fireteam Leader,Maloney2.png
Maloney,Promotion/Role,15 November 2024,,,Lance Corporal,Fireteam Leader,Maloney2.png
Maloney,Promotion/Role,02 February 2025,,,Lance Corporal,Fireteam Leader,Maloney2.png
Maloney,Promotion/Role,23 February 2025,,,Leading Signaller,Platoon Signaller,Maloney2.png
Maloney,Promotion/Role,24 July 2024,,,Private,Reservist,Maloney2.png
Maloney,Promotion/Role,30 July 2024,,,Private,Medium Anti-Tank,Maloney2.png
Maloney,Promotion/Role,05 July 2024,,,Recruit,Reservist,Maloney2.png
Maloney,Promotion/Role,12 May 2025,,,Senior Private,Reservist,Maloney2.png
Maloney,Promotion/Role,13 November 2025,,,Senior Private,Reservist,Maloney2.png
Maloney,Promotion/Role,25 November 2025,,,Senior Private,Machine Gunner,Maloney2.png
Maloney,Promotion/Role,25 January 2026,,,Senior Private,Reservist,Maloney2.png
Maloney,Promotion/Role,05 May 2025,,,Senior Signaller,Platoon Signaller,Maloney2.png
Mango,Promotion/Role,29 October 2025,,,Private,Reservist,Mango.png
Mango,Promotion/Role,25 October 2025,,,Recruit,Reservist,Mango.png
Mango,Promotion/Role,21 November 2025,,,Trooper,Crewman,Mango.png
Mango,Promotion/Role,25 April 2026,,,Trooper Proficient,Crewman,Mango.png
McDongle,Award,20 July 2024,1 Year Service Citation,Period of Service Citation,,,McDongle1.png
McDongle,Award,02 August 2025,2 Year Service Citation,Period of Service Citation,,,McDongle1.png
McDongle,Award,02 March 2024,Campaign Medallion,Operational Service Citation,,,McDongle1.png
McDongle,Award,07 September 2024,"Campaign Medallion, First Clasp",Operational Service Citation,,,McDongle1.png
McDongle,Award,03 April 2026,"Campaign Medallion, Fourth Clasp",Operational Service Citation,,,McDongle1.png
McDongle,Award,05 April 2025,"Campaign Medallion, Second Clasp",Operational Service Citation,,,McDongle1.png
McDongle,Award,04 October 2025,"Campaign Medallion, Third Clasp",Operational Service Citation,,,McDongle1.png
McDongle,Award,02 September 2023,Gallantry Award,Operational Award,,,McDongle1.png
McDongle,Promotion/Role,09 October 2023,,,Lance Corporal,Fireteam Leader,McDongle2.png
McDongle,Promotion/Role,18 August 2023,,,Private,Machinegunner,McDongle2.png
McDongle,Promotion/Role,24 October 2023,,,Private,Machinegunner,McDongle2.png
McDongle,Promotion/Role,21 January 2024,,,Private Proficient,Machinegunner,McDongle2.png
McDongle,Promotion/Role,14 July 2023,,,Recruit,Reservist,McDongle2.png
McDongle,Promotion/Role,06 August 2023,,,Recruit,Machinegunner,McDongle2.png
McDongle,Promotion/Role,13 April 2026,,,Senior Lance Corporal,Fireteam Leader,McDongle2.png
McDongle,Promotion/Role,04 October 2025,,,Senior Leading Private,Machinegunner,McDongle2.png
McDongle,Promotion/Role,16 November 2024,,,Senior Private,Machinegunner,McDongle2.png
Millzy,Award,02 August 2025,1 Year Service Citation,Period of Service Citation,,,Millzy1.png
Millzy,Award,05 April 2025,Campaign Medallion,Operational Service Citation,,,Millzy1.png
Millzy,Promotion/Role,08 March 2026,,,Corporal,Section Commander,Millzy2.png
Millzy,Promotion/Role,15 February 2025,,,Junior Corporal,Section Commander,Millzy2.png
Millzy,Promotion/Role,14 February 2026,,,Junior Corporal,Section Commander,Millzy2.png
Millzy,Promotion/Role,25 November 2024,,,Junior Lance Corporal,Fireteam Leader,Millzy2.png
Millzy,Promotion/Role,04 April 2025,,,Junior Lance Corporal,Fireteam Leader,Millzy2.png
Millzy,Promotion/Role,18 October 2024,,,Lance Corporal,Fireteam Leader,Millzy2.png
Millzy,Promotion/Role,30 October 2025,,,Leading Private,Reservist,Millzy2.png
Millzy,Promotion/Role,20 April 2025,,,Leading Trooper,Crewman,Millzy2.png
Millzy,Promotion/Role,24 July 2024,,,Private,Reservist,Millzy2.png
Millzy,Promotion/Role,18 August 2024,,,Private,Medic,Millzy2.png
Millzy,Promotion/Role,21 February 2025,,,Private Proficient,Section Medic,Millzy2.png
Millzy,Promotion/Role,22 February 2025,,,Private Proficient,Section Medic,Millzy2.png
Millzy,Promotion/Role,10 July 2024,,,Recruit,Reservist,Millzy2.png
Millzy,Promotion/Role,30 March 2026,,,Senior Private,Machine Gunner,Millzy2.png
Millzy,Promotion/Role,04 May 2026,,,Senior Private,Reservist,Millzy2.png
Millzy,Promotion/Role,02 August 2024,,,Trooper,Crewman,Millzy2.png
MitchMash,Award,10 December 2023,1 Year Service Citation,Period of Service Citation,,,MitchMash1.png
MitchMash,Award,01 February 2025,2 Year Service Citation,Period of Service Citation,,,MitchMash1.png
MitchMash,Award,06 December 2025,3 Year Service Citation,Period of Service Citation,,,MitchMash1.png
MitchMash,Award,02 September 2023,Campaign Medallion,Operational Service Citation,,,MitchMash1.png
MitchMash,Award,04 May 2024,"Campaign Medallion, First Clasp",Operational Service Citation,,,MitchMash1.png
MitchMash,Award,06 December 2025,"Campaign Medallion, Fourth Clasp",Operational Service Citation,,,MitchMash1.png
MitchMash,Award,29 September 2024,"Campaign Medallion, Second Clasp",Operational Service Citation,,,MitchMash1.png
MitchMash,Award,07 June 2025,"Campaign Medallion, Third Clasp",Operational Service Citation,,,MitchMash1.png
MitchMash,Promotion/Role,17 June 2023,,,Flight Lieutenant,Pilot,MitchMash2.png
MitchMash,Promotion/Role,09 October 2023,,,Flight Lieutenant,Pilot,MitchMash2.png
MitchMash,Promotion/Role,12 September 2024,,,Flight Lieutenant,Pilot,MitchMash2.png
MitchMash,Promotion/Role,07 September 2025,,,Group Captain,Flight Commander,MitchMash2.png
MitchMash,Promotion/Role,24 February 2026,,,Group Captain,Flight 2IC,MitchMash2.png
MitchMash,Promotion/Role,17 December 2022,,,Private,Reservist,MitchMash2.png
MitchMash,Promotion/Role,13 May 2024,,,Private Proficient,Reservist,MitchMash2.png
MitchMash,Promotion/Role,08 December 2022,,,Recruit,Reservist,MitchMash2.png
MitchMash,Promotion/Role,02 February 2025,,,Senior Flight Lieutenant,Pilot,MitchMash2.png
MitchMash,Promotion/Role,09 July 2023,,,Squadron Leader,Flight 2IC,MitchMash2.png
MitchMash,Promotion/Role,21 April 2025,,,Wing Commander,Flight Commander,MitchMash2.png
Mold,Award,02 September 2023,1 Year Service Citation,Period of Service Citation,,,Mold1.png
Mold,Award,07 September 2024,2 Year Service Citation,Period of Service Citation,,,Mold1.png
Mold,Award,02 August 2025,3 Year Service Citation,Period of Service Citation,,,Mold1.png
Mold,Award,12 March 2023,Campaign Medallion,Operational Service Citation,,,Mold1.png
Mold,Award,01 October 2023,"Campaign Medallion, First Clasp",Operational Service Citation,,,Mold1.png
Mold,Award,07 March 2026,"Campaign Medallion, Fourth Clasp",Operational Service Citation,,,Mold1.png
Mold,Award,02 June 2024,"Campaign Medallion, Second Clasp",Operational Service Citation,,,Mold1.png
Mold,Award,09 March 2025,"Campaign Medallion, Third Clasp",Operational Service Citation,,,Mold1.png
Mold,Award,30 October 2022,Gallantry Award,Operational Award,,,Mold1.png
Mold,Promotion/Role,09 July 2023,,,Corporal,Section Commander,Mold2.png
Mold,Promotion/Role,12 November 2022,,,Lance Corporal,Fireteam Leader,Mold2.png
Mold,Promotion/Role,25 August 2022,,,Private,Machine Gunner,Mold2.png
Mold,Promotion/Role,01 August 2022,,,Recruit,Reservist,Mold2.png
Mold,Promotion/Role,06 August 2022,,,Recruit,Machine Gunner,Mold2.png
Mold,Promotion/Role,10 February 2026,,,Senior Bombadier,Section Commander,Mold2.png
Mold,Promotion/Role,06 June 2025,,,Senior Gunner,Gunner,Mold2.png
Mold,Promotion/Role,26 December 2025,,,Senior Lance Bombadier,Battery 3IC,Mold2.png
Mold,Promotion/Role,07 June 2025,,,Senior Leading Gunner,Gunner,Mold2.png
Mold,Promotion/Role,28 April 2025,,,Senior Private,Reservist,Mold2.png
Mold,Promotion/Role,30 November 2024,,,Staff Captain,Adjudant,Mold2.png
Mold,Promotion/Role,02 March 2024,,,Warrant Officer Class Two,Company Sergeant Major,Mold2.png
Mundoomoo,Promotion/Role,21 March 2026,,,Aircraftsman,Aircrewman,Mundoomoo.png
Mundoomoo,Promotion/Role,13 February 2026,,,Recruit,Reservist,Mundoomoo.png
Nadric,Award,07 September 2024,1 Year Service Citation,Service Citation,,,Nadric1.png
Nadric,Award,07 September 2025,2 Year Service Citation,Service Citation,,,Nadric1.png
Nadric,Award,01 October 2023,Bronze Soldiers Medallion,Non-Operational Award,,,Nadric1.png
Nadric,Award,07 April 2024,Campaign Medallion,Operational Service Citation,,,Nadric1.png
Nadric,Award,02 November 2024,"Campaign Medallion, First Clasp",Operational Service Citation,,,Nadric1.png
Nadric,Award,02 August 2025,"Campaign Medallion, Second Clasp",Operational Service Citation,,,Nadric1.png
Nadric,Award,07 March 2026,"Campaign Medallion, Third Clasp",Operational Service Citation,,,Nadric1.png
Nadric,Award,07 April 2024,Silver Soldiers Medallion,Non-Operational Award,,,Nadric1.png
Nadric,Promotion/Role,30 September 2023,,,Corporal,Fireteam Leader,Nadric2.png
Nadric,Promotion/Role,18 August 2023,,,Lance Corporal,Medium Anti-Tank,Nadric2.png
Nadric,Promotion/Role,06 August 2024,,,Lieutenant,Platoon Commander,Nadric2.png
Nadric,Promotion/Role,16 November 2024,,,Officer Cadet,Platoon Commander,Nadric2.png
Nadric,Promotion/Role,09 August 2023,,,Private,Medium Anti-Tank,Nadric2.png
Nadric,Promotion/Role,09 August 2023,,,Recruit,Reservist,Nadric2.png
Nadric,Promotion/Role,21 January 2026,,,Senior Lance Corporal,Fireteam Leader,Nadric2.png
Nadric,Promotion/Role,04 October 2025,,,Senior Leading Private,Machine Gunner,Nadric2.png
Nadric,Promotion/Role,24 August 2025,,,Senior Private,Reservist,Nadric2.png
Nadric,Promotion/Role,29 August 2025,,,Senior Private,Machine Gunner,Nadric2.png
Nadric,Promotion/Role,19 May 2024,,,Sergeant,Platoon Sergeant,Nadric2.png
Nemo,Promotion/Role,26 September 2025,,,Private,Reservist,Nemo.png
Nemo,Promotion/Role,25 April 2026,,,Private Proficient,Reservist,Nemo.png
Nemo,Promotion/Role,10 September 2025,,,Recruit,Reservist,Nemo.png
Nic,Award,01 October 2023,1 Year Service Citation,Service Citation,,,Nic1.png
Nic,Award,02 November 2024,2 Year Service Citation,Service Citation,,,Nic1.png
Nic,Award,04 October 2025,3 Year Service Citation,Service Citation,,,Nic1.png
Nic,Award,16 April 2023,Campaign Medallion,Operational Service Citation,,,Nic1.png
Nic,Award,02 June 2024,"Campaign Medallion, First Clasp",Operational Service Citation,,,Nic1.png
Nic,Award,07 March 2026,"Campaign Medallion, Second Clasp",Operational Service Citation,,,Nic1.png
Nic,Award,07 September 2024,Gallantry Award,Operational Award,,,Nic1.png
Nic,Award,04 December 2022,Group Development,Non-Operational Award,,,Nic1.png
Nic,Promotion/Role,04 August 2023,,,Corporal,Section Commander,Nic2.png
Nic,Promotion/Role,07 November 2022,,,Lance Corporal,Fireteam Leader,Nic2.png
Nic,Promotion/Role,31 January 2023,,,Lance Corporal,Fireteam Leader,Nic2.png
Nic,Promotion/Role,02 April 2023,,,Lance Corporal,Fireteam Leader,Nic2.png
Nic,Promotion/Role,24 October 2023,,,Lance Corporal,Fireteam Leader,Nic2.png
Nic,Promotion/Role,24 May 2024,,,Lance Corporal,Fireteam Leader,Nic2.png
Nic,Promotion/Role,25 April 2026,,,Leading Corporal,Section Commander,Nic3.png
Nic,Promotion/Role,14 January 2025,,,Leading Lance Corporal,Fireteam Leader,Nic3.png
Nic,Promotion/Role,29 April 2025,,,Leading Lance Corporal,Fireteam Leader,Nic3.png
Nic,Promotion/Role,06 February 2026,,,Leading Lance Corporal,Fireteam Leader,Nic3.png
Nic,Promotion/Role,08 October 2022,,,Private,Reservist,Nic2.png
Nic,Promotion/Role,14 October 2022,,,Private,Machine Gunner,Nic2.png
Nic,Promotion/Role,06 March 2023,,,Private,Reservist,Nic2.png
Nic,Promotion/Role,11 March 2023,,,Private,Machine Gunner,Nic2.png
Nic,Promotion/Role,13 January 2024,,,Private Proficient,Reservist,Nic2.png
Nic,Promotion/Role,04 May 2024,,,Private Proficient,Medium Anti-Tank,Nic2.png
Nic,Promotion/Role,03 October 2024,,,Private Proficient,Reservist,Nic2.png
Nic,Promotion/Role,01 October 2022,,,Recruit,Reservist,Nic2.png
Nic,Promotion/Role,08 March 2026,,,Senior Lance Corporal,Fireteam Leader,Nic3.png
Nic,Promotion/Role,06 December 2025,,,Senior Leading Private,Reservist,Nic3.png
Nic,Promotion/Role,13 February 2025,,,Senior Private,Reservist,Nic3.png
Nic,Promotion/Role,17 March 2025,,,Senior Private,Machine Gunner,Nic3.png
Nic,Promotion/Role,18 August 2025,,,Senior Private,Reservist,Nic3.png
Nic,Promotion/Role,19 November 2023,,,Sergeant,Platoon Sergeant,Nic2.png
Nic,Promotion/Role,09 October 2023,,,Squadron Leader,Flight 2IC,Nic2.png
Nixcluster,Promotion/Role,13 May 2026,,,Private,Reservist,Nixcluster.png
Nixcluster,Promotion/Role,15 April 2026,,,Recruit,Reservist,Nixcluster.png
Noisy,Award,07 September 2024,1 Year Service Citation,Service Citation,,,Noisy1.png
Noisy,Award,07 September 2025,2 Year Service Citation,Service Citation,,,Noisy1.png
Noisy,Award,02 August 2025,Campaign Medallion,Operational Service Citation,,,Noisy1.png
Noisy,Award,07 March 2026,"Campaign Medallion, First Clasp",Operational Service Citation,,,Noisy1.png
Noisy,Award,10 December 2023,Junior Leadership,Leadership Award,,,Noisy1.png
Noisy,Promotion/Role,15 September 2023,,,Corporal,Crew Commander,Noisy2.png
Noisy,Promotion/Role,07 September 2025,,,Leading Private,Machine Gunner,Noisy2.png
Noisy,Promotion/Role,08 September 2023,,,Private,Reservist,Noisy2.png
Noisy,Promotion/Role,18 March 2024,,,Private Proficient,Reservist,Noisy2.png
Noisy,Promotion/Role,23 March 2025,,,Private Proficient,Machine Gunner,Noisy2.png
Noisy,Promotion/Role,07 September 2023,,,Recruit,Reservist,Noisy2.png
Noisy,Promotion/Role,11 February 2026,,,Senior Private,Machine Gunner,Noisy2.png
Noisy,Promotion/Role,15 December 2023,,,Sergeant,Crew Commander,Noisy2.png
Noisy,Promotion/Role,09 September 2023,,,Trooper,Crewman,Noisy2.png
Nova,Award,07 September 2024,1 Year Service Citation,Period of Service Citation,,,Nova1.png
Nova,Award,07 September 2025,2 Year Service Citation,Period of Service Citation,,,Nova1.png
Nova,Award,07 September 2024,Bronze Soldiers Medallion,Non-Operational Award,,,Nova1.png
Nova,Award,02 June 2024,Campaign Medallion,Operational Service Citation,,,Nova1.png
Nova,Award,02 November 2024,"Campaign Medallion, First Clasp",Operational Service Citation,,,Nova1.png
Nova,Award,02 August 2025,"Campaign Medallion, Second Clasp",Operational Service Citation,,,Nova1.png
Nova,Promotion/Role,09 April 2024,,,Flight Lieutenant,Pilot,Nova2.png
Nova,Promotion/Role,03 May 2026,,,Group Captain,Flight Commander,Nova2.png
Nova,Promotion/Role,28 January 2024,,,Lance Corporal,Fireteam Leader,Nova2.png
Nova,Promotion/Role,08 September 2023,,,Private,Reservist,Nova2.png
Nova,Promotion/Role,06 October 2023,,,Private,Medium Anti-Tank,Nova2.png
Nova,Promotion/Role,02 September 2023,,,Recruit,Reservist,Nova2.png
Nova,Promotion/Role,02 November 2025,,,Senior Leading Private,Reservist,Nova2.png
Nova,Promotion/Role,24 May 2026,,,Senior Leading Private,Reservist,Nova2.png
Nova,Promotion/Role,25 August 2025,,,Senior Private,Reservist,Nova2.png
Nova,Promotion/Role,11 May 2024,,,Squadron Leader,Flight 2IC,Nova2.png
Nova,Promotion/Role,28 November 2024,,,Squadron Leader,Flight Commander,Nova2.png
Nova,Promotion/Role,05 April 2025,,,Wing Captain,Flight Commander,Nova2.png
Nova,Promotion/Role,02 August 2025,,,Wing Commander,Flight Commander,Nova2.png
Nova,Promotion/Role,06 March 2026,,,Wing Commander,Flight Commander,Nova2.png
Nunn,Award,29 September 2024,1 Year Service Citation,Service Citation,,,Nunn.png
Nunn,Award,02 August 2025,2 Year Service Citation,Service Citation,,,Nunn.png
Nunn,Award,04 May 2024,Campaign Medallion,Operational Service Citation,,,Nunn.png
Nunn,Award,29 September 2024,"Campaign Medallion, First Clasp",Operational Service Citation,,,Nunn.png
Nunn,Award,07 June 2025,"Campaign Medallion, Second Clasp",Operational Service Citation,,,Nunn.png
Nunn,Award,06 December 2025,"Campaign Medallion, Third Clasp",Operational Service Citation,,,Nunn.png
Nunn,Promotion/Role,18 August 2023,,,Private,Reservist,Nunn.png
Nunn,Promotion/Role,08 December 2023,,,Private,Medium Anti-Tank,Nunn.png
Nunn,Promotion/Role,08 December 2023,,,Private Proficient,Medium Anti-Tank,Nunn.png
Nunn,Promotion/Role,03 August 2023,,,Recruit,Reservist,Nunn.png
Nunn,Promotion/Role,02 November 2025,,,Senior Leading Private,Medium Anti-Tank,Nunn.png
Nunn,Promotion/Role,16 November 2024,,,Senior Private,Medium Anti-Tank,Nunn.png
Nutpriom,Award,02 August 2025,1 Year Service Citation,Service Citation,,,Nutpriom.png
Nutpriom,Award,05 April 2025,Campaign Medallion,Operational Service Citation,,,Nutpriom.png
Nutpriom,Award,04 October 2025,"Campaign Medallion, First Clasp",Operational Service Citation,,,Nutpriom.png
Nutpriom,Promotion/Role,02 February 2025,,,Corporal,Section Commander,Nutpriom.png
Nutpriom,Promotion/Role,14 January 2025,,,Junior Corporal,Section Commander,Nutpriom.png
Nutpriom,Promotion/Role,16 November 2024,,,Junior Lance Corporal,Fireteam Leader,Nutpriom.png
Nutpriom,Promotion/Role,05 October 2024,,,Lance Corporal,Fireteam Leader,Nutpriom.png
Nutpriom,Promotion/Role,12 August 2024,,,Private,Reservist,Nutpriom.png
Nutpriom,Promotion/Role,29 July 2024,,,Recruit,Reservist,Nutpriom.png
Nutpriom,Promotion/Role,08 March 2026,,,Senior Private,Driver/Rifleman,Nutpriom.png
Odin,Award,07 March 2026,1 Year Service Citation,Service Citation,,,Odin.png
Odin,Award,04 October 2025,Campaign Medallion,Operational Service Citation,,,Odin.png
Odin,Promotion/Role,15 March 2025,,,Officer Cadet,Trainee Pilot,Odin.png
Odin,Promotion/Role,22 May 2025,,,Pilot Officer,Pilot,Odin.png
Odin,Promotion/Role,28 February 2025,,,Private,Reservist,Odin.png
Odin,Promotion/Role,06 March 2026,,,Private Proficient,Reservist,Odin.png
Odin,Promotion/Role,10 February 2025,,,Recruit,Reservist,Odin.png
Oliver,Award,07 June 2025,1 Year Service Citation,Service Citation,,,Oliver.png
Oliver,Promotion/Role,26 July 2024,,,Aircraftman,Aircrewman,Oliver.png
Oliver,Promotion/Role,19 September 2025,,,Game Master Proficient,Game Master,Oliver.png
Oliver,Promotion/Role,08 January 2026,,,Junior Lance Corporal,Fireteam Leader,Oliver.png
Oliver,Promotion/Role,13 September 2024,,,Officer Cadet,Trainee Pilot,Oliver.png
Oliver,Promotion/Role,08 March 2025,,,Private Proficient,Reservist,Oliver.png
Oliver,Promotion/Role,10 October 2025,,,Private Proficient,Rifleman/Driver,Oliver.png
Oliver,Promotion/Role,13 April 2026,,,Private Proficient,Reservist,Oliver.png
Oliver,Promotion/Role,31 May 2024,,,Recruit,Crewman,Oliver.png
Oliver,Promotion/Role,24 July 2024,,,Trooper,Crewman,Oliver.png
Omega,Award,02 August 2025,1 Year Service Citation,Service Citation,,,Omega.png
Omega,Award,07 September 2025,Campaign Medallion,Operational Service Citation,,,Omega.png
Omega,Promotion/Role,06 December 2025,,,Leading Trooper,Crewman,Omega.png
Omega,Promotion/Role,24 July 2024,,,Private,Reservist,Omega.png
Omega,Promotion/Role,01 February 2025,,,Private Proficient,Reservist,Omega.png
Omega,Promotion/Role,17 July 2024,,,Recruit,Reservist,Omega.png
Omega,Promotion/Role,16 February 2025,,,Trooper,Crewman,Omega.png
Osprey,Award,02 November 2024,1 Year Service Citation,Period of Service Citation,,,Osprey.png
Osprey,Award,02 November 2025,2 Year Service Citation,Period of Service Citation,,,Osprey.png
Osprey,Award,07 September 2024,Campaign Medallion,Operational Service Citation,,,Osprey.png
Osprey,Award,02 August 2025,"Campaign Medallion, First Clasp",Operational Service Citation,,,Osprey.png
Osprey,Award,07 March 2026,"Campaign Medallion, Second Clasp",Operational Service Citation,,,Osprey.png
Osprey,Promotion/Role,16 November 2024,,,Junior Lance Corporal,Fireteam Leader,Osprey.png
Osprey,Promotion/Role,15 December 2023,,,Lance Corporal,Fireteam Leader,Osprey.png
Osprey,Promotion/Role,21 October 2024,,,Lance Corporal,Fireteam Leader,Osprey.png
Osprey,Promotion/Role,07 September 2025,,,Lance Corporal Proficient,Fireteam Leader,Osprey.png
Osprey,Promotion/Role,11 February 2026,,,Leading Lance Corporal,Fireteam Leader,Osprey.png
Osprey,Promotion/Role,20 April 2024,,,Private,Medic,Osprey.png
Osprey,Promotion/Role,10 October 2023,,,Recruit,Reservist,Osprey.png
Osprey,Promotion/Role,12 November 2023,,,Recruit,Engineer,Osprey.png
Osprey,Promotion/Role,14 November 2023,,,Sapper,Engineer,Osprey.png
OxanAU,Award,01 October 2023,1 Year Service Citation,Service Citation,,,OxanAU.png
OxanAU,Award,29 September 2024,2 Year Service Citation,Service Citation,,,OxanAU.png
OxanAU,Award,04 October 2025,3 Year Service Citation,Service Citation,,,OxanAU.png
OxanAU,Award,07 April 2024,Bronze Soldiers Medallion,Non-Operational Award,,,OxanAU.png
OxanAU,Award,02 March 2024,Campaign Medallion,Operational Service Citation,,,OxanAU.png
OxanAU,Award,07 September 2024,"Campaign Medallion, First Clasp",Operational Service Citation,,,OxanAU.png
OxanAU,Award,30 July 2023,Medical Medallion,Member Skill Award,,,OxanAU.png
OxanAU,Promotion/Role,02 February 2025,,,Leading Private,Section Medic,OxanAU2.png
OxanAU,Promotion/Role,28 February 2025,,,Leading Private,Reservist,OxanAU2.png
OxanAU,Promotion/Role,10 November 2022,,,Private,Reservist,OxanAU2.png
OxanAU,Promotion/Role,14 February 2023,,,Private,Medic,OxanAU2.png
OxanAU,Promotion/Role,11 March 2023,,,Private,Section Medic,OxanAU2.png
OxanAU,Promotion/Role,02 April 2023,,,Private Proficient,Section Medic,OxanAU2.png
OxanAU,Promotion/Role,03 December 2023,,,Private Proficient,Reservist,OxanAU2.png
OxanAU,Promotion/Role,23 December 2023,,,Private Proficient,Section Medic,OxanAU2.png
OxanAU,Promotion/Role,24 September 2022,,,Recruit,Reservist,OxanAU2.png
OxanAU,Promotion/Role,02 November 2025,,,Senior Private,Reservist,OxanAU2.png
OxanAU,Promotion/Role,16 September 2023,,,Sergeant,Medical Sergeant,OxanAU2.png
Panther,Award,05 April 2025,1 Year Service Citation,Service Citation,,,Panther.png
Panther,Award,03 May 2026,2 Year Service Citation,Service Citation,,,Panther.png
Panther,Award,07 September 2025,Campaign Medallion,Operational Service Citation,,,Panther.png
Panther,Promotion/Role,28 February 2025,,,Junior Lance Corporal,Fireteam Leader,Panther.png
Panther,Promotion/Role,07 September 2025,,,Leading Private,Rifleman/Driver,Panther.png
Panther,Promotion/Role,05 October 2025,,,Leading Private,Reservist,Panther.png
Panther,Promotion/Role,10 May 2026,,,Leading Private,Reservist,Panther.png
Panther,Promotion/Role,20 December 2025,,,Officer Cadet,Trainee Pilot,Panther.png
Panther,Promotion/Role,21 March 2024,,,Private,Reservist,Panther.png
Panther,Promotion/Role,29 September 2024,,,Private Proficient,Reservist,Panther.png
Panther,Promotion/Role,04 August 2025,,,Private Proficient,Rifleman/Driver,Panther.png
Panther,Promotion/Role,20 March 2024,,,Recruit,Reservist,Panther.png
Pants,Award,11 August 2021,1 Year Service Citation,Period of Service Citation,,,Pants1.png
Pants,Award,04 September 2022,2 Year Service Citation,Period of Service Citation,,,Pants1.png
Pants,Award,02 September 2023,3 Year Service Citation,Period of Service Citation,,,Pants1.png
Pants,Award,18 April 2021,Campaign Medallion,Operational Service Citation,,,Pants1.png
Pants,Award,27 March 2022,"Campaign Medallion, First Clasp",Operational Service Citation,,,Pants1.png
Pants,Award,04 December 2022,"Campaign Medallion, Second Clasp",Operational Service Citation,,,Pants1.png
Pants,Award,07 September 2024,Long Term Service Citation,Period of Service Citation,,,Pants1.png
Pants,Award,03 July 2022,Watchman Award,Non-Operational Award,,,Pants1.png
Pants,Promotion/Role,19 September 2022,,,Captain,Company Executive Officer,Pants2.png
Pants,Promotion/Role,23 November 2025,,,Corporal Proficient,Section Leader,Pants2.png
Pants,Promotion/Role,06 August 2022,,,Game Master,Game Master,Pants2.png
Pants,Promotion/Role,24 August 2020,,,Lance Corporal,Platoon Medic,Pants2.png
Pants,Promotion/Role,20 May 2022,,,Lance Corporal,Fireteam Leader,Pants2.png
Pants,Promotion/Role,24 October 2025,,,Leading Lance Corporal,Fireteam Leader,Pants2.png
Pants,Promotion/Role,25 January 2026,,,Leading Lance Corporal,Fireteam Leader,Pants2.png
Pants,Promotion/Role,24 August 2020,,,Private,Rifleman,Pants2.png
Pants,Promotion/Role,30 July 2023,,,Private Proficient,Reservist,Pants2.png
Pants,Promotion/Role,08 March 2026,,,Senior Leading Private,Rifleman (CFA),Pants2.png
Pants,Promotion/Role,02 February 2025,,,Senior Private,Reservist,Pants2.png
Pants,Promotion/Role,03 October 2025,,,Senior Private,Medic,Pants2.png
Pants,Promotion/Role,18 October 2025,,,Senior Private,Reservist,Pants2.png
Pants,Promotion/Role,06 February 2026,,,Senior Private,Rifleman (CFA),Pants2.png
Parko,Promotion/Role,17 December 2025,,,Private,Reservist,Parko.png
Parko,Promotion/Role,22 May 2026,,,Private Proficient,Reservist,Parko.png
Parko,Promotion/Role,05 December 2025,,,Recruit,Reservist,Parko.png
Parko,Promotion/Role,29 March 2026,,,Sapper,Sapper,Parko.png
Parko,Promotion/Role,29 March 2026,,,Sapper Proficient,Sapper,Parko.png
Parko,Promotion/Role,05 June 2026,,,Trooper Proficient,Crewman,Parko.png
Pegasus,Award,05 May 2025,1 Year Service Citation,Period of Service Citation,,,Pegasus.png
Pegasus,Award,03 May 2026,2 Year Service Citation,Period of Service Citation,,,Pegasus.png
Pegasus,Award,09 March 2025,Campaign Medallion,Operational Service Citation,,,Pegasus.png
Pegasus,Award,04 October 2025,"Campaign Medallion, First Clasp",Operational Service Citation,,,Pegasus.png
Pegasus,Promotion/Role,17 March 2025,,,Junior Lance Corporal,Fireteam Leader,Pegasus.png
Pegasus,Promotion/Role,30 April 2026,,,Junior Lance Corporal,Fireteam Leader,Pegasus.png
Pegasus,Promotion/Role,03 May 2026,,,Lance Corporal,Fireteam Leader,Pegasus.png
Pegasus,Promotion/Role,04 October 2025,,,Leading Private,Machine Gunner,Pegasus.png
Pegasus,Promotion/Role,13 July 2024,,,Private,Reservist,Pegasus.png
Pegasus,Promotion/Role,14 July 2024,,,Private,Machine Gunner,Pegasus.png
Pegasus,Promotion/Role,02 November 2024,,,Private Proficient,Machine Gunner,Pegasus.png
Pegasus,Promotion/Role,29 April 2025,,,Private Proficient,Machine Gunner,Pegasus.png
Pegasus,Promotion/Role,28 April 2024,,,Recruit,Reservist,Pegasus.png
Petrov,Award,30 November 2024,1 Year Service Citation,Service Citation,,,Petrov.png
Petrov,Award,06 December 2024,2 Year Service Citation,Service Citation,,,Petrov.png
Petrov,Award,02 November 2024,Campaign Medallion,Operational Service Citation,,,Petrov.png
Petrov,Promotion/Role,06 December 2023,,,Private,Section Medic,Petrov.png
Petrov,Promotion/Role,29 January 2024,,,Private,Reservist,Petrov.png
Petrov,Promotion/Role,29 March 2024,,,Private,Section Medic,Petrov.png
Petrov,Promotion/Role,02 June 2024,,,Private Proficient,Section Medic,Petrov.png
Petrov,Promotion/Role,13 February 2025,,,Private Proficient,Reservist,Petrov.png
Petrov,Promotion/Role,27 September 2025,,,Private Proficient,Section Medic,Petrov.png
Petrov,Promotion/Role,22 October 2025,,,Private Proficient,Reservist,Petrov.png
Petrov,Promotion/Role,28 November 2023,,,Recruit,Reservist,Petrov.png
Petrov,Promotion/Role,02 December 2023,,,Recruit,Section Medic,Petrov.png
Phantom,Award,02 June 2024,1 Year Service Citation,Service Citation,,,Phantom1.png
Phantom,Award,07 June 2025,2 Year Service Citation,Service Citation,,,Phantom1.png
Phantom,Award,02 September 2023,Bronze Soldiers Medallion,Non-Operational Award,,,Phantom1.png
Phantom,Award,02 March 2024,Campaign Medallion,Operational Service Citation,,,Phantom1.png
Phantom,Award,05 April 2025,"Campaign Medallion, Second Clasp",Operational Service Citation,,,Phantom1.png
Phantom,Award,04 October 2025,"Campaign Medallion, Third Clasp",Operational Service Citation,,,Phantom1.png
Phantom,Promotion/Role,06 October 2023,,,Lance Corporal,Platoon Medic,Phantom2.png
Phantom,Promotion/Role,02 August 2025,,,Leading Senior Private,Rifleman (CFA),Phantom2.png
Phantom,Promotion/Role,20 May 2023,,,Private,Reservist,Phantom2.png
Phantom,Promotion/Role,21 July 2023,,,Private,Driver/Rifleman,Phantom2.png
Phantom,Promotion/Role,04 August 2023,,,Private,Medic,Phantom2.png
Phantom,Promotion/Role,06 November 2024,,,Private,Rifleman (CFA),Phantom2.png
Phantom,Promotion/Role,11 May 2023,,,Recruit,Reservist,Phantom2.png
Phantom,Promotion/Role,16 November 2024,,,Senior Private,Rifleman (CFA),Phantom2.png
Phox,Award,06 December 2025,1 Year Service Citation,Service Citation,,,Phox.png
Phox,Award,06 December 2025,Campaign Medallion,Operational Service Citation,,,Phox.png
Phox,Promotion/Role,29 September 2025,,,Junior Lance Corporal,Crew Commander,Phox.png
Phox,Promotion/Role,17 March 2026,,,Junior Lance Corporal,Crew Commander,Phox.png
Phox,Promotion/Role,27 November 2024,,,Private,Reservist,Phox.png
Phox,Promotion/Role,13 November 2024,,,Recruit,Reservist,Phox.png
Phox,Promotion/Role,18 December 2024,,,Trooper,Crewman,Phox.png
Phox,Promotion/Role,07 June 2025,,,Trooper Proficient,Crewman,Phox.png
Phox,Promotion/Role,30 January 2026,,,Trooper Proficient,Crewman,Phox.png
Pluto,Award,02 August 2025,1 Year Service Citation,Service Citation,,,Pluto.png
Pluto,Award,29 September 2024,Bronze Soldier Medallion,Non-Operational Award,,,Pluto.png
Pluto,Award,05 April 2025,Campaign Medallion,Operational Service Citation,,,Pluto.png
Pluto,Award,06 December 2025,Campaign Medallion First Clasp,Operational Service Citation,,,Pluto.png
Pluto,Promotion/Role,26 March 2025,,,Junior Corporal,Crew Commander,Pluto.png
Pluto,Promotion/Role,14 January 2025,,,Junior Lance Corporal,Crew Commander,Pluto.png
Pluto,Promotion/Role,21 July 2025,,,Lance Corporal,Crew Commander,Pluto.png
Pluto,Promotion/Role,06 December 2025,,,Lance Corporal Proficient,Crew Commander,Pluto.png
Pluto,Promotion/Role,24 July 2024,,,Private,Reservist,Pluto.png
Pluto,Promotion/Role,17 July 2024,,,Recruit,Reservist,Pluto.png
Pluto,Promotion/Role,02 August 2024,,,Trooper,Crewman,Pluto.png
Pluto,Promotion/Role,25 November 2024,,,Trooper Proficient,Crewman,Pluto.png
Pluto,Promotion/Role,17 March 2026,,,Trooper Senior,Crewman,Pluto.png
Pogo,Award,01 October 2023,1 Year Service Citation,Period of Service Citation,,,Pogo1.png
Pogo,Award,24 September 2024,2 Year Service Citation,Period of Service Citation,,,Pogo1.png
Pogo,Award,04 October 2025,3 Year Service Citation,Period of Service Citation,,,Pogo1.png
Pogo,Award,30 July 2023,Campaign Medallion,Operational Service Citation,,,Pogo1.png
Pogo,Award,04 May 2024,"Campaign Medallion, First Clasp",Operational Service Citation,,,Pogo1.png
Pogo,Award,06 October 2025,"Campaign Medallion, Fourth Clasp",Operational Service Citation,,,Pogo1.png
Pogo,Award,29 September 2024,"Campaign Medallion, Second Clasp",Operational Service Citation,,,Pogo1.png
Pogo,Award,03 June 2025,"Campaign Medallion, Third Clasp",Operational Service Citation,,,Pogo1.png
Pogo,Award,30 November 2024,Protagonist Award,Leadership Award,,,Pogo1.png
Pogo,Promotion/Role,16 December 2024,,,Junior Lance Corporal,Fireteam Leader,Pogo2.png
Pogo,Promotion/Role,02 February 2025,,,Lance Corporal,Fireteam Leader,Pogo2.png
Pogo,Promotion/Role,09 March 2025,,,Lance Corporal Proficient,Fireteam Leader,Pogo2.png
Pogo,Promotion/Role,30 August 2025,,,Leading Corporal,Section Commander,Pogo2.png
Pogo,Promotion/Role,16 June 2025,,,Leading Lance Corporal,Fireteam Leader,Pogo2.png
Pogo,Promotion/Role,16 November 2024,,,Leading Private,Medium Anti-Tank,Pogo2.png
Pogo,Promotion/Role,21 September 2022,,,Private,Reservist,Pogo2.png
Pogo,Promotion/Role,04 April 2023,,,Private Proficient,Reservist,Pogo2.png
Pogo,Promotion/Role,02 February 2024,,,Private Proficient,Medium Anti-Tank,Pogo2.png
Pogo,Promotion/Role,13 September 2022,,,Recruit,Reservist,Pogo2.png
Pogo,Promotion/Role,08 March 2026,,,Senior Corporal,Section Commander,Pogo2.png
Racka,Promotion/Role,13 May 2026,,,Private,Reservist,Racka.png
Racka,Promotion/Role,15 March 2026,,,Recruit,Reservist,Racka.png
Rauty,Award,05 November 2023,1 Year Service Citation,Period of Service Citation,,,Rauty1.png
Rauty,Award,02 November 2024,2 Year Service Citation,Period of Service Citation,,,Rauty1.png
Rauty,Award,02 November 2025,3 Year Service Citation,Period of Service Citation,,,Rauty1.png
Rauty,Award,02 March 2024,Atlas Award,Non-Operational Award,,,Rauty1.png
Rauty,Award,04 June 2023,Campaign Medallion,Operational Service Citation,,,Rauty1.png
Rauty,Award,02 March 2024,"Campaign Medallion, First Clasp",Operational Service Citation,,,Rauty1.png
Rauty,Award,02 November 2025,"Campaign Medallion, Fourth Clasp",Operational Service Citation,,,Rauty1.png
Rauty,Award,07 September 2024,"Campaign Medallion, Second Clasp",Operational Service Citation,,,Rauty1.png
Rauty,Award,05 April 2025,"Campaign Medallion, Third Clasp",Operational Service Citation,,,Rauty1.png
Rauty,Promotion/Role,24 February 2026,,,Air Chief Marshal,Squadron Executive Officer,Rauty2.png
Rauty,Promotion/Role,03 November 2022,,,Game Master,Game Master,Rauty2.png
Rauty,Promotion/Role,24 April 2023,,,Game Master,Game Master Lead,Rauty2.png
Rauty,Promotion/Role,08 December 2025,,,Group Captain,Flight 2IC,Rauty2.png
Rauty,Promotion/Role,17 February 2026,,,Group Captain,Flight Commander,Rauty2.png
Rauty,Promotion/Role,20 October 2024,,,Gunner,Gunner,Rauty2.png
Rauty,Promotion/Role,03 November 2022,,,Private,Reservist,Rauty2.png
Rauty,Promotion/Role,19 October 2022,,,Recruit,Reservist,Rauty2.png
Rauty,Promotion/Role,03 May 2026,,,Senior Air Chief Marshal,Squadron Executive Officer,Rauty2.png
Rauty,Promotion/Role,21 November 2024,,,Senior Gunner,Gunner,Rauty2.png
Rauty,Promotion/Role,09 March 2025,,,Senior Leading Gunner,Gunner,Rauty2.png
Razorjax,Award,11 August 2021,1 Year Service Citation,Period of Service Citations,,,Razorjax.png
Razorjax,Award,04 September 2022,2 Year Service Citation,Period of Service Citations,,,Razorjax.png
Razorjax,Award,02 September 2023,3 Year Service Citation,Period of Service Citations,,,Razorjax.png
Razorjax,Award,03 May 2026,3 Year Service Citation,Period of Service Citations,,,Razorjax.png
Razorjax,Award,18 April 2021,Campaign Medallion,Operational Service Citations,,,Razorjax.png
Razorjax,Award,24 October 2021,"Campaign Medallion, First Clasp",Operational Service Citations,,,Razorjax.png
Razorjax,Award,02 September 2023,"Campaign Medallion, Fourth Clasp",Operational Service Citations,,,Razorjax.png
Razorjax,Award,26 June 2022,"Campaign Medallion, Second Clasp",Operational Service Citations,,,Razorjax.png
Razorjax,Award,12 February 2023,"Campaign Medallion, Third Clasp",Operational Service Citations,,,Razorjax.png
Razorjax,Award,11 January 2021,Founding Member Award,Non-Operational Awards,,,Razorjax.png
Razorjax,Award,03 July 2022,Public Relations Award,Non-Operational Awards,,,Razorjax.png
Razorjax,Award,02 April 2023,Senior Leadership Award,Leadership Awards,,,Razorjax.png
Razorjax,Promotion/Role,17 August 2020,,,Captain,Reservist,Razorjax2.png
Razorjax,Promotion/Role,05 May 2021,,,Lance Corporal,Reservist,Razorjax2.png
Razorjax,Promotion/Role,16 May 2022,,,Lieutenant,Reservist,Razorjax2.png
Razorjax,Promotion/Role,17 August 2020,,,Private,Reservist,Razorjax2.png
Razorjax,Promotion/Role,17 August 2020,,,Recruit,Reservist,Razorjax2.png
Razorjax,Promotion/Role,31 March 2026,,,Senior Leading Private,Reservist,Razorjax2.png
Rendez,Award,02 September 2023,1 Year Service Citation,Service Citation,,,Rendez1.png
Rendez,Award,07 September 2024,2 Year Service Citation,Service Citation,,,Rendez1.png
Rendez,Award,07 September 2025,3 Year Service Citation,Service Citation,,,Rendez1.png
Rendez,Award,07 May 2023,Campaign Medallion,Operational Service Citation,,,Rendez1.png
Rendez,Award,03 April 2026,"Campaign Medallion Tier 2, First Clasp",Operational Service Citation,,,Rendez1.png
Rendez,Award,10 December 2023,"Campaign Medallion, First Clasp",Operational Service Citation,,,Rendez1.png
Rendez,Award,04 October 2025,"Campaign Medallion, Fourth Clasp",Operational Service Citation,,,Rendez1.png
Rendez,Award,02 June 2024,"Campaign Medallion, Second Clasp",Operational Service Citation,,,Rendez1.png
Rendez,Award,09 March 2025,"Campaign Medallion, Third Clasp",Operational Service Citation,,,Rendez1.png
Rendez,Award,02 March 2024,Junior Leadership Award,Leadership Award,,,Rendez1.png
Rendez,Promotion/Role,04 August 2024,,,Corporal,Section Commander,Rendez2.png
Rendez,Promotion/Role,16 November 2024,,,Corporal Proficient,Section Commander,Rendez2.png
Rendez,Promotion/Role,09 June 2023,,,Lance Corporal,Fireteam Leader,Rendez2.png
Rendez,Promotion/Role,02 February 2025,,,Leading Corporal,Section Commander,Rendez2.png
Rendez,Promotion/Role,25 September 2022,,,Private,Medium Anti-Tank,Rendez2.png
Rendez,Promotion/Role,05 March 2023,,,Private Proficient,Medium Anti-Tank,Rendez2.png
Rendez,Promotion/Role,18 August 2022,,,Recruit,Reservist,Rendez2.png
Rendez,Promotion/Role,04 October 2025,,,Senior Corporal,Section Commander,Rendez2.png
Res,Award,07 September 2024,1 Year Service Citation,Period of Service Citation,,,Res1.png
Res,Award,07 September 2025,2 Year Service Citation,Period of Service Citation,,,Res1.png
Res,Award,02 March 2024,Bronze Soldiers Medallion,Non-Operational Award,,,Res1.png
Res,Award,04 May 2024,Campaign Medallion,Operational Service Citation,,,Res1.png
Res,Award,29 September 2024,"Campaign Medallion, First Clasp",Operational Service Citation,,,Res1.png
Res,Award,07 June 2025,"Campaign Medallion, Second Clasp",Operational Service Citation,,,Res1.png
Res,Award,07 March 2026,"Campaign Medallion, Third Clasp",Operational Service Citation,,,Res1.png
Res,Award,01 February 2025,Medical Medallion,Member Skill Award,,,Res1.png
Res,Promotion/Role,15 December 2023,,,Corporal,Section Commander,Res2.png
Res,Promotion/Role,25 November 2024,,,Leading Corporal,Section Commander,Res2.png
Res,Promotion/Role,08 September 2023,,,Private,Reservist,Res2.png
Res,Promotion/Role,06 October 2023,,,Private,Medic,Res2.png
Res,Promotion/Role,31 August 2023,,,Recruit,Reservist,Res2.png
Res,Promotion/Role,31 December 2025,,,Regimental Sergeant Major,Company Sergeant Major,Res2.png
Res,Promotion/Role,03 May 2026,,,Regimental Sergeant Major of ASOT,Company Sergeant Major,Res2.png
Res,Promotion/Role,27 May 2026,,,Regimental Sergeant Major of ASOT,Regimental Sergeant Major,Res2.png
Res,Promotion/Role,15 September 2023,,,Sapper,Sapper,Res2.png
Res,Promotion/Role,06 April 2025,,,Senior Lance Corporal,Fireteam Leader,Res2.png
Res,Promotion/Role,05 April 2025,,,Sergeant At Arms,Medical Sergeant,Res2.png
Res,Promotion/Role,12 December 2024,,,Staff Sergeant,Medical Sergeant,Res2.png
Rhino,Award,11 February 2026,1 Year Service Citation,Period of Service Citation,,,Rhino.png
Rhino,Promotion/Role,08 December 2024,,,Recruit,Reservist,Rhino.png
Rhino,Promotion/Role,14 January 2025,,,Recruit,Crewman,Rhino.png
Rhino,Promotion/Role,15 January 2025,,,Trooper,Crewman,Rhino.png
Rhino,Promotion/Role,03 May 2026,,,Trooper Proficient,Crewman,Rhino.png
Rilley,Promotion/Role,30 November 2025,,,Recruit,Reservist,Rilley.png
Rita,Award,11 February 2026,1 Year Service Citation,Service Citation,,,Rita.png
Rita,Award,07 September 2025,Bronze Soldiers Medallion,Non-Operational Award,,,Rita.png
Rita,Award,02 August 2025,Campaign Medallion,Operational Service Citation,,,Rita.png
Rita,Award,07 March 2026,"Campaign Medallion, First Clasp",Operational Service Citation,,,Rita.png
Rita,Promotion/Role,27 September 2025,,,Junior Corporal,Crew Commander,Rita.png
Rita,Promotion/Role,26 March 2025,,,Junior Lance Corporal,Crew Commander,Rita.png
Rita,Promotion/Role,21 January 2025,,,Private,Reservist,Rita.png
Rita,Promotion/Role,19 January 2025,,,Recruit,Reservist,Rita.png
Rita,Promotion/Role,14 February 2025,,,Trooper,Crewman,Rita.png
Roach,Promotion/Role,12 November 2025,,,Private,Reservist,Roach.png
Roach,Promotion/Role,07 November 2025,,,Recruit,Reservist,Roach.png
Rox,Award,11 August 2021,1 Year Service Citation,Service Citation,,,Rox1.png
Rox,Award,04 September 2022,2 Year Service Citation,Service Citation,,,Rox1.png
Rox,Award,02 September 2023,3 Year Service Citation,Service Citation,,,Rox1.png
Rox,Award,18 April 2021,Campaign Medallion,Operational Service Citation,,,Rox1.png
Rox,Award,24 October 2021,"Campaign Medallion, First Clasp",Operational Service Citation,,,Rox1.png
Rox,Award,01 October 2023,"Campaign Medallion, Fourth Clasp",Operational Service Citation,,,Rox1.png
Rox,Award,22 May 2022,"Campaign Medallion, Second Clasp",Operational Service Citation,,,Rox1.png
Rox,Award,12 February 2023,"Campaign Medallion, Third Clasp",Operational Service Citation,,,Rox1.png
Rox,Award,04 May 2024,"Campaign Medallion, Tier 2 First Clasp",Operational Service Citation,,,Rox1.png
Rox,Award,03 April 2026,"Campaign Medallion, Tier 2 Fourth Clasp",Operational Service Citation,,,Rox1.png
Rox,Award,05 April 2025,"Campaign Medallion, Tier 2 Second Clasp",Operational Service Citation,,,Rox1.png
Rox,Award,04 October 2025,"Campaign Medallion, Tier 2 Third Clasp",Operational Service Citation,,,Rox1.png
Rox,Award,07 September 2024,Long Term Service Citation,Service Citation,,,Rox1.png
Rox,Award,03 July 2022,Senior Leadership Award,Leadership Award,,,Rox1.png
Rox,Promotion/Role,11 July 2021,,,Corporal,Troop Corporal,Rox2.png
Rox,Promotion/Role,19 April 2024,,,Corporal,Section Commander,Rox2.png
Rox,Promotion/Role,13 October 2023,,,Lance Corporal,Fireteam Leader,Rox2.png
Rox,Promotion/Role,21 October 2024,,,Lance Corporal,Fireteam Leader,Rox2.png
Rox,Promotion/Role,24 August 2020,,,Private,Trooper,Rox2.png
Rox,Promotion/Role,24 February 2021,,,Private Proficient,Trooper,Rox2.png
Rox,Promotion/Role,21 January 2023,,,Private Proficient,Machine Gunner,Rox2.png
Rox,Promotion/Role,16 May 2024,,,Private Proficient,Reservist,Rox2.png
Rox,Promotion/Role,16 November 2024,,,Senior Lance Corporal,Fireteam Leader,Rox2.png
Rox,Promotion/Role,05 July 2025,,,Senior Leading Private,Rifleman/Driver,Rox2.png
Rox,Promotion/Role,01 August 2022,,,Sergeant,Troop Commander,Rox2.png
Ryzza,Promotion/Role,07 December 2025,,,Recruit,Reservist,Ryzza.png
Ryzza,Promotion/Role,21 December 2025,,,Recruit,Crewman,Ryzza.png
Ryzza,Promotion/Role,22 February 2026,,,Recruit,Reservist,Ryzza.png
Sal,Promotion/Role,11 April 2026,,,Junior Lance Corporal,Fireteam Leader,Sal.png
Sal,Promotion/Role,20 March 2026,,,Private,Reservist,Sal.png
Sal,Promotion/Role,30 March 2026,,,Private,Medic,Sal.png
Sal,Promotion/Role,03 June 2026,,,Private,Reservist,Sal.png
Sal,Promotion/Role,25 February 2026,,,Recruit,Reservist,Sal.png
Sef,Promotion/Role,26 March 2026,,,Private,Reservist,Sef.png
Sef,Promotion/Role,22 April 2026,,,Private,Gunner,Sef.png
Sef,Promotion/Role,22 March 2026,,,Recruit,Reservist,Sef.png
Selmesy,Promotion/Role,29 October 2025,,,Private,Reservist,Selmesy.png
Selmesy,Promotion/Role,30 September 2025,,,Recruit,Reservist,Selmesy.png
Selmesy,Promotion/Role,03 November 2025,,,Trooper,Crewman,Selmesy.png
Selmesy,Promotion/Role,25 April 2025,,,Trooper Proficient,Crewman,Selmesy.png
Sens,Award,11 February 2026,1 Year Service Citation,Service Citation,,,Sens.png
Sens,Award,03 April 2026,Campaign Medallion,Operational Service Citation,,,Sens.png
Sens,Promotion/Role,16 July 2025,,,Private,Reservist,Sens.png
Sens,Promotion/Role,19 June 2025,,,Recruit,Reservist,Sens.png
Sens,Promotion/Role,20 July 2025,,,Sapper,Sapper,Sens.png
Sens,Promotion/Role,09 November 2025,,,Sapper,Sapper (CFA),Sens.png
Sens,Promotion/Role,08 March 2026,,,Sapper Proficient,Sapper (CFA),Sens.png
Six,Award,30 July 2023,1 Year Service Citation,Service Citation,,,Six1.png
Six,Award,20 July 2024,2 Year Service Citation,Service Citation,,,Six1.png
Six,Award,02 August 2025,3 Year Service Citation,Service Citation,,,Six1.png
Six,Award,05 November 2023,Bronze Soldiers Medallion,Non-Operational Award,,,Six1.png
Six,Award,12 March 2023,Campaign Medallion,Operational Service Citation,,,Six1.png
Six,Award,03 April 2026,"Campaign Medallion Tier 2, First Clasp",Operational Service Citation,,,Six1.png
Six,Award,01 October 2023,"Campaign Medallion, First Clasp",Operational Service Citation,,,Six1.png
Six,Award,07 September 2025,"Campaign Medallion, Fourth Clasp",Operational Service Citation,,,Six1.png
Six,Award,05 November 2023,"Campaign Medallion, Second Clasp",Operational Service Citation,,,Six1.png
Six,Award,02 November 2024,"Campaign Medallion, Third Clasp",Operational Service Citation,,,Six1.png
Six,Award,01 October 2023,Gallantry Award,Operational Award,,,Six1.png
Six,Award,04 December 2022,Junior Leadership Award,Leadership Award,,,Six1.png
Six,Award,04 December 2022,Public Relations Award,Non-Operational Award,,,Six1.png
Six,Award,05 January 2023,Senior Leadership Award,Leadership Award,,,Six1.png
Six,Award,05 January 2023,Watchman Award,Non-Operational Award,,,Six1.png
Six,Award,05 November 2023,Watchman Award,Non-Operational Award,,,Six1.png
Six,Promotion/Role,30 November 2024,,,Brigadier,Officer Commanding,Six2.png
Six,Promotion/Role,05 February 2024,,,Captain,Adjutant,Six2.png
Six,Promotion/Role,03 October 2022,,,Corporal,Section Commander,Six2.png
Six,Promotion/Role,28 August 2022,,,Lance Corporal,Fireteam Leader,Six2.png
Six,Promotion/Role,07 September 2025,,,Major General,Officer Commanding,Six2.png
Six,Promotion/Role,29 July 2022,,,Private,Reservist,Six2.png
Six,Promotion/Role,06 August 2022,,,Private,Machine Gunner,Six2.png
Six,Promotion/Role,14 July 2022,,,Recruit,Reservist,Six2.png
Six,Promotion/Role,30 July 2023,,,Warrant Officer Class Two,Company Sergeant Major,Six2.png
Slaydevil,Award,07 April 2024,1 Year Service Citation,Service Citation,,,Slaydevil.png
Slaydevil,Award,09 March 2025,2 Year Service Citation,Service Citation,,,Slaydevil.png
Slaydevil,Award,07 March 2026,3 Year Service Citation,Service Citation,,,Slaydevil.png
Slaydevil,Award,02 March 2024,Campaign Medallion,Operational Service Citation,,,Slaydevil.png
Slaydevil,Promotion/Role,09 July 2023,,,Game Master,Zeus,Slaydevil.png
Slaydevil,Promotion/Role,13 January 2025,,,Game Master Senior,Zeus,Slaydevil.png
Slaydevil,Promotion/Role,10 June 2025,,,Leading Private,Reservist,Slaydevil.png
Slaydevil,Promotion/Role,29 March 2025,,,Leading Sapper,Sapper Medic,Slaydevil.png
Slaydevil,Promotion/Role,23 January 2026,,,Leading Sapper,Engineer,Slaydevil.png
Slaydevil,Promotion/Role,16 March 2023,,,Private,Reservist,Slaydevil.png
Slaydevil,Promotion/Role,24 April 2023,,,Private,Machine Gunner,Slaydevil.png
Slaydevil,Promotion/Role,26 May 2024,,,Private Proficient,Reservist,Slaydevil.png
Slaydevil,Promotion/Role,06 March 2023,,,Recruit,Reservist,Slaydevil.png
Slaydevil,Promotion/Role,02 May 2026,,,Senior Private,Reservist,Slaydevil.png
Slotter,Award,04 June 2023,1 Year Service Citation,Service Citation,,,Slotter1.png
Slotter,Award,02 June 2024,2 Year Service Citation,Service Citation,,,Slotter1.png
Slotter,Award,07 June 2025,3 Year Service Citation,Service Citation,,,Slotter1.png
Slotter,Award,12 March 2023,Campaign Medallion,Operational Service Citation,,,Slotter1.png
Slotter,Award,01 October 2023,"Campaign Medallion, First Clasp",Operational Service Citation,,,Slotter1.png
Slotter,Award,07 June 2025,"Campaign Medallion, Fourth Clasp",Operational Service Citation,,,Slotter1.png
Slotter,Award,04 May 2024,"Campaign Medallion, Second Clasp",Operational Service Citation,,,Slotter1.png
Slotter,Award,29 September 2024,"Campaign Medallion, Third Clasp",Operational Service Citation,,,Slotter1.png
Slotter,Award,07 March 2026,"Campaign Medallion, Tier 2 First Clasp",Service Citation,,,Slotter1.png
Slotter,Award,07 September 2024,Senior Leadership Award,Leadership Award,,,Slotter1.png
Slotter,Promotion/Role,03 March 2023,,,Corporal,Section Commander,Slotter2.png
Slotter,Promotion/Role,02 February 2025,,,Distinguished Game Master,Game Master,Slotter2.png
Slotter,Promotion/Role,01 May 2025,,,Distinguished Game Master,Game Master Lead,Slotter2.png
Slotter,Promotion/Role,22 October 2024,,,Game Master,Game Master,Slotter2.png
Slotter,Promotion/Role,25 November 2024,,,Grand Game Master,Game Master,Slotter2.png
Slotter,Promotion/Role,25 June 2022,,,Lance Corporal,Fireteam Leader,Slotter2.png
Slotter,Promotion/Role,21 September 2022,,,Private,Reservist,Slotter2.png
Slotter,Promotion/Role,10 October 2022,,,Private,Medium Anti-Tank,Slotter2.png
Slotter,Promotion/Role,17 November 2022,,,Private Proficient,Medium Anti-Tank,Slotter2.png
Slotter,Promotion/Role,21 October 2024,,,Private Proficient,Reservist,Slotter2.png
Slotter,Promotion/Role,17 May 2022,,,Recruit,Reservist,Slotter2.png
Slotter,Promotion/Role,01 June 2022,,,Recruit,Driver/ Rifleman,Slotter2.png
Slotter,Promotion/Role,03 July 2022,,,Recruit,Reservist,Slotter2.png
Soapy,Promotion/Role,17 December 2025,,,Private,Reservist,Soapy.png
Soapy,Promotion/Role,01 February 2026,,,Private,Reservist,Soapy.png
Soapy,Promotion/Role,06 December 2025,,,Recruit,Reservist,Soapy.png
Soundless,Award,01 February 2025,1 Year Service Citation,Period of Service Citation,,,Soundless.png
Soundless,Award,11 February 2026,2 Year Service Citation,Period of Service Citation,,,Soundless.png
Soundless,Award,07 September 2024,Campaign Medallion,Operational Service Citation,,,Soundless.png
Soundless,Award,07 June 2025,"Campaign Medallion, First Clasp",Operational Service Citation,,,Soundless.png
Soundless,Award,02 November 2025,"Campaign Medallion, Second Clasp",Operational Service Citation,,,Soundless.png
Soundless,Promotion/Role,09 August 2024,,,Junior Lance Corporal,Fireteam Leader,Soundless.png
Soundless,Promotion/Role,09 August 2024,,,Lance Corporal,Fireteam Leader,Soundless.png
Soundless,Promotion/Role,09 March 2025,,,Lance Corporal,Fireteam Leader,Soundless.png
Soundless,Promotion/Role,07 September 2025,,,Lance Corporal Proficient,Fireteam Leader,Soundless.png
Soundless,Promotion/Role,11 February 2026,,,Leading Lance Corporal,Fireteam Leader,Soundless.png
Soundless,Promotion/Role,14 February 2024,,,Private,Reservist,Soundless.png
Soundless,Promotion/Role,01 March 2024,,,Private,Machine Gunner,Soundless.png
Soundless,Promotion/Role,31 January 2024,,,Recruit,Reservist,Soundless.png
Southie,Award,11 February 2026,1 Year Service Citation,Period of Service Citation,,,Southie.png
Southie,Award,02 November 2025,Campaign Medallion,Operational Service Citation,,,Southie.png
Southie,Promotion/Role,15 January 2025,,,Private,Reservist,Southie.png
Southie,Promotion/Role,17 May 2025,,,Private,Machine Gunner,Southie.png
Southie,Promotion/Role,02 August 2025,,,Private Proficient,Machine Gunner,Southie.png
Southie,Promotion/Role,12 January 2025,,,Recruit,Reservist,Southie.png
Spike,Promotion/Role,07 November 2025,,,Recruit,Reservist,Spike.png
Spook,Promotion/Role,10 February 2026,,,Recruit,Reservist,Spook.png
Stevens,Award,03 May 2026,1 Year Service Citation,Period of Service Citation,,,Stevens.png
Stevens,Award,06 December 2025,Campaign Medallion,Operational Service Citation,,,Stevens.png
Stevens,Promotion/Role,06 December 2025,,,Leading Private,Section Medic,Stevens.png
Stevens,Promotion/Role,09 November 2025,,,Private Proficient,Section Medic,Stevens.png
Stevens,Promotion/Role,01 May 2025,,,Recruit,Reservist,Stevens.png
Stevens,Promotion/Role,01 May 2025,,,Recruit,Sapper Medic,Stevens.png
Stevens,Promotion/Role,08 May 2025,,,Sapper,Sapper Medic,Stevens.png
Stevens,Promotion/Role,02 November 2025,,,Sapper Proficient,Sapper Medic,Stevens.png
Stevens,Promotion/Role,03 May 2026,,,Senior Leading Private,Medic,Stevens.png
Stevens,Promotion/Role,11 February 2026,,,Senior Private,Medic,Stevens.png
Stone,Promotion/Role,03 May 2026,,,Recruit,Reservist,Stone.png
Stone,Promotion/Role,13 May 2026,,,Stone,Reservist,Stone.png
Storm,Promotion/Role,21 February 2026,,,Aircraftsman,Aircrewman,Storm.png
Storm,Promotion/Role,03 May 2026,,,Leading Aircraftsman,Aircrewman,Storm.png
Storm,Promotion/Role,15 May 2026,,,Officer Cadet,Trainee Pilot,Storm.png
Storm,Promotion/Role,10 February 2026,,,Private,Reservist,Storm.png
Storm,Promotion/Role,16 January 2026,,,Recruit,Reservist,Storm.png
Talon,Award,20 July 2024,1 Year Service Citation,Period of Service Citation,,,Talon1.png
Talon,Award,02 August 2025,2 Year Service Citation,Period of Service Citation,,,Talon1.png
Talon,Award,02 March 2024,Campaign Medallion,Operational Service Citation,,,Talon1.png
Talon,Award,07 September 2024,"Campaign Medallion, First Clasp",Operational Service Citation,,,Talon1.png
Talon,Award,03 April 2026,"Campaign Medallion, Fourth Clasp",Operational Service Citation,,,Talon1.png
Talon,Award,05 April 2025,"Campaign Medallion, Second Clasp",Operational Service Citation,,,Talon1.png
Talon,Award,04 October 2025,"Campaign Medallion, Third Clasp",Operational Service Citation,,,Talon1.png
Talon,Award,10 December 2023,Protagonist Award,Leadership Award,,,Talon1.png
Talon,Award,05 May 2025,Senior Leadership Award,Leadership Award,,,Talon1.png
Talon,Promotion/Role,07 March 2024,,,Lance Corporal,Fireteam Leader,Talon2.png
Talon,Promotion/Role,21 October 2024,,,Lieutenant,Platoon Commander,Talon2.png
Talon,Promotion/Role,08 March 2026,,,Lieutenant,Platoon Commander,Talon2.png
Talon,Promotion/Role,16 November 2024,,,Officer Cadet,Platoon Commander,Talon2.png
Talon,Promotion/Role,23 June 2023,,,Private,Reservist,Talon2.png
Talon,Promotion/Role,24 June 2023,,,Private,Reservist,Talon2.png
Talon,Promotion/Role,17 July 2023,,,Private Proficient,Medium Anti-Tank,Talon2.png
Talon,Promotion/Role,,,,Recruit,,Talon2.png
Talon,Promotion/Role,16 September 2025,,,Second Lieutenant,Platoon Commander,Talon2.png
Talon,Promotion/Role,21 July 2024,,,Sergeant,Platoon Sergeant,Talon2.png
Tatsyugo,Award,05 November 2023,1 Year Service Citation,Period of Service Citation,,,Tatsyugo1.png
Tatsyugo,Award,02 November 2024,2 Year Service Citation,Period of Service Citation,,,Tatsyugo1.png
Tatsyugo,Award,02 November 2025,3 Year Service Citation,Period of Service Citation,,,Tatsyugo1.png
Tatsyugo,Award,01 October 2023,Bronze Soldiers Medallion,Non-Operational Award,,,Tatsyugo1.png
Tatsyugo,Award,02 September 2023,Campaign Medallion,Operational Service Citation,,,Tatsyugo1.png
Tatsyugo,Award,07 April 2024,"Campaign Medallion, First Clasp",Operational Service Citation,,,Tatsyugo1.png
Tatsyugo,Award,02 November 2024,"Campaign Medallion, Second Clasp",Operational Service Citation,,,Tatsyugo1.png
Tatsyugo,Award,07 September 2025,"Campaign Medallion, Third Clasp",Operational Service Citation,,,Tatsyugo1.png
Tatsyugo,Award,25 June 2023,Public Relations Award,Non-Operational Award,,,Tatsyugo1.png
Tatsyugo,Promotion/Role,19 January 2024,,,Corporal,Section Commander,Tatsyugo2.png
Tatsyugo,Promotion/Role,16 November 2024,,,Corporal Proficient,Section Commander,Tatsyugo2.png
Tatsyugo,Promotion/Role,08 September 2023,,,Lance Corporal,Fireteam Leader,Tatsyugo2.png
Tatsyugo,Promotion/Role,09 March 2025,,,Leading Corporal,Section Commander,Tatsyugo2.png
Tatsyugo,Promotion/Role,30 April 2025,,,Leading Lance Corporal,Fireteam Leader,Tatsyugo2.png
Tatsyugo,Promotion/Role,19 November 2022,,,Private,Reservist,Tatsyugo2.png
Tatsyugo,Promotion/Role,04 June 2023,,,Private Proficient,Reservist,Tatsyugo2.png
Tatsyugo,Promotion/Role,29 October 2022,,,Recruit,Reservist,Tatsyugo2.png
Tatsyugo,Promotion/Role,02 November 2025,,,Senior Lance Corporal,Fireteam Leader,Tatsyugo2.png
Tempo,Promotion/Role,20 August 2020,,,Recruit,Reservist,Tempo.png
Tempo,Promotion/Role,05 December 2025,,,Recruit,Reservist,Tempo.png
Thatcher,Promotion/Role,14 February 2026,,,Recruit,Reservist,Thatcher.png
TheCheds,Award,02 March 2024,1 Year Service Citation,Period of Service Citation,,,TheCheds.png
TheCheds,Award,09 March 2025,2 Year Service Citation,Period of Service Citation,,,TheCheds.png
TheCheds,Award,07 March 2026,3 Year Service Citation,Period of Service Citation,,,TheCheds.png
TheCheds,Award,05 November 2023,Campaign Medallion,Operational Service Citation,,,TheCheds.png
TheCheds,Award,02 June 2024,"Campaign Medallion, First Clasp",Operational Service Citation,,,TheCheds.png
TheCheds,Award,07 June 2025,"Campaign Medallion, Second Clasp",Operational Service Citation,,,TheCheds.png
TheCheds,Award,07 April 2024,Junior Leadership Award,Leadership Award,,,TheCheds.png
TheCheds,Promotion/Role,12 July 2023,,,Lance Corporal,Fireteam Leader,TheCheds2.png
TheCheds,Promotion/Role,25 January 2026,,,Leading Corporal,Section Commander,TheCheds2.png
TheCheds,Promotion/Role,04 March 2023,,,Private,Reservist,TheCheds2.png
TheCheds,Promotion/Role,11 March 2023,,,Private,Rifleman,TheCheds2.png
TheCheds,Promotion/Role,16 February 2023,,,Recruit,Reservist,TheCheds2.png
TheCheds,Promotion/Role,28 November 2025,,,Senior Lance Corporal,Fireteam Leader,TheCheds2.png
TheCheds,Promotion/Role,25 July 2024,,,Senior Private,Reservist,TheCheds2.png
TheCheds,Promotion/Role,25 April 2026,,,Senior Private,Reservist,TheCheds2.png
TheCheds,Promotion/Role,21 October 2024,,,Sergeant,Platoon Sergeant,TheCheds2.png
Thomas,Award,11 August 2021,1 Year Service Citation,Service Citation,,,Thomas1.png
Thomas,Award,04 September 2022,2 Year Service Citation,Service Citation,,,Thomas1.png
Thomas,Award,02 September 2023,3 Year Service Citation,Service Citation,,,Thomas1.png
Thomas,Award,30 July 2023,Beyond Award,Non-Operational Award,,,Thomas1.png
Thomas,Award,05 February 2022,Broken Lance Award,Non-Operational Award,,,Thomas1.png
Thomas,Award,05 November 2023,Bronze Soldiers Medallion,Non-Operational Award,,,Thomas1.png
Thomas,Award,20 June 2021,Campaign Medallion,Operational Service Citation,,,Thomas1.png
Thomas,Award,27 February 2022,"Campaign Medallion, First Clasp",Operational Service Citation,,,Thomas1.png
Thomas,Award,01 October 2023,"Campaign Medallion, Fourth Clasp",Operational Service Citation,,,Thomas1.png
Thomas,Award,31 July 2022,"Campaign Medallion, Second Clasp",Operational Service Citation,,,Thomas1.png
Thomas,Award,12 March 2023,"Campaign Medallion, Third Clasp",Operational Service Citation,,,Thomas1.png
Thomas,Award,07 April 2024,"Campaign Medallion, Tier 2 First Clasp",Operational Service Citation,,,Thomas1.png
Thomas,Award,02 November 2024,"Campaign Medallion, Tier 2 Second Clasp",Operational Service Citation,,,Thomas1.png
Thomas,Award,06 December 2025,"Campaign Medallion, Tier 2 Third Clasp",Operational Service Citation,,,Thomas1.png
Thomas,Award,11 January 2021,Founding Member Award,Non-Operational Award,,,Thomas1.png
Thomas,Award,07 September 2024,Long Term Service Citation,Service Citation,,,Thomas1.png
Thomas,Promotion/Role,22 September 2022,,,Lieutenant Colonel,Commanding Officer,Thomas2.png
Thomas,Promotion/Role,02 February 2025,,,Lieutenant General,Commanding Officer,Thomas2.png
Thomas,Promotion/Role,15 August 2020,,,Major,Company Officer Commanding,Thomas2.png
Thomas,Promotion/Role,16 November 2024,,,Major General,Commanding Officer,Thomas2.png
Thomas,Promotion/Role,15 August 2020,,,Private,Rifleman,Thomas2.png
Tj,Promotion/Role,25 April 2026,,,Junior Lance Corporal,Fireteam Leader,Tj.png
Tj,Promotion/Role,09 April 2026,,,Private,Reservist,Tj.png
Tj,Promotion/Role,23 March 2026,,,Recruit,Reservist,Tj.png
Tommy,Promotion/Role,15 May 2026,,,Flying Officer,Pilot,Tommy.png
Tommy,Promotion/Role,10 February 2026,,,Private,Reservist,Tommy.png
Tommy,Promotion/Role,14 February 2026,,,Private,Medic,Tommy.png
Tommy,Promotion/Role,03 May 2026,,,Private Proficient,Medic,Tommy.png
Tommy,Promotion/Role,05 February 2026,,,Recruit,Reservist,Tommy.png
Tredrea,Award,02 November 2025,1 Year Service Citation,Service Citation,,,Tredrea.png
Tredrea,Award,04 October 2025,Campaign Medallion,Operational Service Award,,,Tredrea.png
Tredrea,Promotion/Role,14 January 2025,,,Junior Lance Corporal,Crew Commander,Tredrea.png
Tredrea,Promotion/Role,26 September 2025,,,Private Proficient,Driver/Rifleman,Tredrea.png
Tredrea,Promotion/Role,10 October 2025,,,Private Proficient,Reservist,Tredrea.png
Tredrea,Promotion/Role,18 October 2024,,,Recruit,Reservist,Tredrea.png
Tredrea,Promotion/Role,20 October 2024,,,Recruit,Crewman,Tredrea.png
Tredrea,Promotion/Role,26 March 2025,,,Sergeant,Crew Commander,Tredrea.png
Tredrea,Promotion/Role,04 October 2024,,,Trooper,Crewman,Tredrea.png
Trew,Award,21 October 2021,1 Year Service Citation,Service Citation,,,Trew1.png
Trew,Award,30 October 2022,2 Year Service Citation,Service Citation,,,Trew1.png
Trew,Award,05 November 2023,3 Year Service Citation,Service Citation,,,Trew1.png
Trew,Award,02 November 2024,4 Year Service Citation,Service Citation,,,Trew1.png
Trew,Award,04 September 2022,Broken Lance Award,Non-Operational Citation,,,Trew1.png
Trew,Award,20 June 2021,Campaign Medallion,Operational Service Citation,,,Trew1.png
Trew,Award,14 November 2021,"Campaign Medallion, First Clasp",Operational Service Citation,,,Trew1.png
Trew,Award,05 November 2023,"Campaign Medallion, Fourth Clasp",Operational Service Citation,,,Trew1.png
Trew,Award,26 June 2022,"Campaign Medallion, Second Clasp",Operational Service Citation,,,Trew1.png
Trew,Award,04 June 2023,"Campaign Medallion, Third Clasp",Operational Service Citation,,,Trew1.png
Trew,Award,07 June 2025,"Campaign Medallion, Tier 2 First Clasp",Operational Service Citation,,,Trew1.png
Trew,Award,04 June 2023,Diplomat Award,Non-Operational Citation,,,Trew1.png
Trew,Promotion/Role,16 May 2022,,,Captain,Company Executive Officer,Trew2.png
Trew,Promotion/Role,30 July 2023,,,Corporal,Section Commander,Trew2.png
Trew,Promotion/Role,02 November 2020,,,Gunner,Gunner,Trew2.png
Trew,Promotion/Role,21 April 2021,,,Gunner Proficient,Gunner,Trew2.png
Trew,Promotion/Role,18 February 2022,,,Lance Bombardier,Fireteam Leader,Trew2.png
Trew,Promotion/Role,19 September 2022,,,Major,Officer Commanding,Trew2.png
Trew,Promotion/Role,21 October 2020,,,Private,Rifleman,Trew2.png
Trew,Promotion/Role,30 September 2023,,,Private Proficient,Reservist,Trew2.png
Trew,Promotion/Role,16 November 2024,,,Regimental Sergeant Major,Regimental Sergeant Major,Trew2.png
Trew,Promotion/Role,30 November 2024,,,Senior Leading Private,Reservist,Trew2.png
Trew,Promotion/Role,04 May 2025,,,Senior Leading Private,Reservist,Trew2.png
Trew,Promotion/Role,29 January 2026,,,Senior Leading Private,Reservist,Trew2.png
Trew,Promotion/Role,01 June 2026,,,Senior Leading Private,Reservist,Trew2.png
Trew,Promotion/Role,07 January 2025,,,Senior Leading Sapper,Engineer,Trew2.png
Trew,Promotion/Role,01 March 2026,,,Senior Leading Trooper,Crewman,Trew2.png
Trew,Promotion/Role,06 April 2022,,,Warrant Officer Class One,Regimental Sergeant Major,Trew2.png
Trew,Promotion/Role,05 February 2024,,,Warrant Officer Class One,Regimental Sergeant Major,Trew2.png
Trey,Award,06 December 2025,2 Year Service Citation,Period of Service Citation,,,Trey1.png
Trey,Award,02 June 2024,Campaign Medallion,Operational Service Citation,,,Trey1.png
Trey,Award,07 June 2025,"Campaign Medallion, First Clasp",Operational Service Citation,,,Trey1.png
Trey,Award,02 November 2025,"Campaign Medallion, Second Clasp",Operational Service Citation,,,Trey1.png
Trey,Award,10 December 2023,Gallantry Award,Operational Award,,,Trey1.png
Trey,Award,30 November 2024,One Year Service Citation,Period of Service Citation,,,Trey1.png
Trey,Promotion/Role,01 May 2025,,,Corporal,Section Commander,Trey2.png
Trey,Promotion/Role,17 February 2024,,,Game Master,Game Master,Trey2.png
Trey,Promotion/Role,05 August 2024,,,Game Master,Game Master 2iC,Trey2.png
Trey,Promotion/Role,20 October 2024,,,Game Master,Game Master Lead,Trey2.png
Trey,Promotion/Role,28 August 2025,,,Lance Bombardier Proficient,Battery 3IC,Trey2.png
Trey,Promotion/Role,02 November 2025,,,Leading Lance Bombardier,Battery 3IC,Trey2.png
Trey,Promotion/Role,23 January 2026,,,Officer Cadet,Troop Commander,Trey2.png
Trey,Promotion/Role,10 November 2023,,,Recruit,Reservist,Trey2.png
Trey,Promotion/Role,17 November 2023,,,Recruit,Crewman,Trey2.png
Trey,Promotion/Role,25 November 2024,,,Senior Game Master,Game Master Lead,Trey2.png
Trey,Promotion/Role,09 May 2025,,,Senior Gunner,Gunner,Trey2.png
Trey,Promotion/Role,20 December 2025,,,Sergeant,Gunnery Sergeant,Trey2.png
Trey,Promotion/Role,21 November 2023,,,Trooper,Crewman,Trey2.png
Trey,Promotion/Role,15 December 2023,,,Trooper,Crew Commander,Trey2.png
Ugly,Promotion/Role,16 January 2026,,,Private,Reservist,Ugly.png
Ugly,Promotion/Role,16 January 2026,,,Recruit,Reservist,Ugly.png
Vaalis,Promotion/Role,27 August 2025,,,Recruit,Reservist,Vaalis.png
Vade,Award,09 March 2025,1 Year Service Citation,Service Citation,,,Vade.png
Vade,Award,11 February 2026,2 Year Service Citation,Service Citation,,,Vade.png
Vade,Award,02 March 2024,Bronze Soldiers Medallion,Non-Operational Award,,,Vade.png
Vade,Award,07 June 2025,Campaign Medallion,Operational Service Citation,,,Vade.png
Vade,Promotion/Role,02 August 2025,,,Leading Private,Medium Anti-Tank,Vade.png
Vade,Promotion/Role,28 February 2024,,,Private,Reservist,Vade.png
Vade,Promotion/Role,03 March 2024,,,Private,Medium Anti-Tank,Vade.png
Vade,Promotion/Role,02 February 2024,,,Recruit,Reservist,Vade.png
Valinor,Award,04 October 2025,1 Year service Citation,Service Citation,,,Valinor.png
Valinor,Award,02 August 2025,Campaign Medallion,Operational Service Citation,,,Valinor.png
Valinor,Award,07 September 2025,Senior Leadership Award,Leadership Award,,,Valinor.png
Valinor,Promotion/Role,21 July 2025,,,Junior Corporal,Crew Commander,Valinor.png
Valinor,Promotion/Role,26 March 2025,,,Junior Lance Corporal,Crew Commander,Valinor.png
Valinor,Promotion/Role,18 September 2024,,,Private,Reservist,Valinor.png
Valinor,Promotion/Role,06 September 2024,,,Recruit,Reservist,Valinor.png
Valinor,Promotion/Role,26 September 2025,,,Sergeant,Troop Sergeant,Valinor.png
Valinor,Promotion/Role,17 January 2025,,,Trooper,Crewman,Valinor.png
Verom,Award,20 July 2024,1 Year Service Citation,Service Citation,,,Verom.png
Verom,Award,02 August 2025,2 Year Service Citation,Service Citation,,,Verom.png
Verom,Award,02 June 2024,Campaign Medallion,Operational Service Citation,,,Verom.png
Verom,Promotion/Role,16 November 2023,,,Junior Lance Corporal,Fireteam Leader,Verom.png
Verom,Promotion/Role,15 December 2023,,,Lance Corporal,Fireteam Leader,Verom.png
Verom,Promotion/Role,16 November 2023,,,Leading Private,Fireteam Leader,Verom.png
Verom,Promotion/Role,13 July 2023,,,Private,Reservist,Verom.png
Verom,Promotion/Role,17 July 2023,,,Private,Machine Gunner,Verom.png
Verom,Promotion/Role,06 July 2023,,,Recruit,Reservist,Verom.png
Violet,Promotion/Role,07 November 2025,,,Recruit,Reservist,Violet.png
Violet,Promotion/Role,19 November 2025,,,Private,Reservist,Violet.png
Violet,Promotion/Role,21 November 2025,,,Sapper,Sapper,Violet.png
Violet,Promotion/Role,06 February 2026,,,Junior Corporal,Section Commander,Violet.png
Walshy,Promotion/Role,10 March 2024,,,Recruit,Reservist,Walshy.png
Walshy,Promotion/Role,22 March 2024,,,Recruit,Section Medic,Walshy.png
Walshy,Promotion/Role,29 March 2024,,,Private,Section Medic,Walshy.png
Walshy,Promotion/Role,27 April 2024,,,Private,Reservist,Walshy.png
Walshy,Promotion/Role,13 July 2024,,,Private,Medium Anti-Tank,Walshy.png
Walshy,Award,29 September 2024,Campaign Medallion,Operational Service Citation,,,Walshy.png
Walshy,Promotion/Role,29 September 2024,,,Private Proficient,Medium Anti-Tank,Walshy.png
Walshy,Award,02 November 2024,Gallantry Award,Operational Service Citation,,,Walshy.png
Walshy,Award,05 April 2025,1 Year Service Citation,Service Citation,,,Walshy.png
Walshy,Award,07 June 2025,"Campaign Medallion, First Clasp",Operational Service Citation,,,Walshy.png
Walshy,Promotion/Role,04 October 2025,,,Senior Private,Medium Anti-Tank,Walshy.png
Walshy,Award,06 December 2025,"Campaign Medallion, Second Clasp",Operational Service Citation,,,Walshy.png
Walshy,Award,03 May 2026,2 Year Service Citation,Service Citation,,,Walshy.png
Wanderer,Promotion/Role,20 August 2020,,,Private,Reservist,Wanderer2.png
Wanderer,Promotion/Role,20 August 2020,,,Recruit,Reservist,Wanderer2.png
Wanderer,Promotion/Role,02 December 2020,,,Corporal,Section Commander,Wanderer2.png
Wanderer,Award,18 April 2021,Campaign Medallion,Operational Service Citation,,,Wanderer1.png
Wanderer,Award,11 August 2021,1 Year Service Citation,Period of Service Citation,,,Wanderer1.png
Wanderer,Award,24 October 2021,"Campaign Medallion, First Clasp",Operational Service Citation,,,Wanderer1.png
Wanderer,Award,06 March 2022,Senior Leadership Award,Leadership Award,,,Wanderer1.png
Wanderer,Promotion/Role,16 May 2022,,,Sergeant,Platoon Sergeant,Wanderer2.png
Wanderer,Award,22 May 2022,"Campaign Medallion, Second Clasp",Operational Service Citation,,,Wanderer1.png
Wanderer,Award,03 July 2022,Public Relations Award,Non-Operational Award,,,Wanderer1.png
Wanderer,Award,04 September 2022,2 Year Service Citation,Period of Service Citation,,,Wanderer1.png
Wanderer,Award,04 December 2022,"Campaign Medallion, Third Clasp",Operational Service Citation,,,Wanderer1.png
Wanderer,Award,30 July 2023,"Campaign Medallion, Fourth Clasp",Operational Service Citation,,,Wanderer1.png
Wanderer,Award,02 September 2023,3 Year Service Citation,Period of Service Citation,,,Wanderer1.png
Wanderer,Promotion/Role,19 November 2023,,,Private Proficient,Machine Gunner,Wanderer2.png
Wanderer,Award,03 March 2024,"Campaign Medallion, Tier 2 First Clasp",Operational Service Citation,,,Wanderer1.png
Wanderer,Promotion/Role,31 May 2024,,,Lance Corporal,Fireteam Leader,Wanderer2.png
Wanderer,Award,07 September 2024,Long Term Service Citation,Period of Service Citation,,,Wanderer1.png
Wanderer,Promotion/Role,14 October 2024,,,Private Proficient,Reservist,Wanderer2.png
Wanderer,Promotion/Role,26 November 2024,,,Senior Leading Private,Reservist,Wanderer2.png
Wanderer,Promotion/Role,01 April 2026,,,Senior Leading Private,Reservist,Wanderer2.png
Wedgetail,Promotion/Role,19 April 2022,,,Recruit,Reservist,Wedgetail.png
Wedgetail,Promotion/Role,29 April 2022,,,Private,Reservist,Wedgetail.png
Wedgetail,Promotion/Role,26 October 2023,,,Squadron Leader,Flight Commander,Wedgetail.png
Wedgetail,Promotion/Role,19 November 2023,,,Wing Commander,Flight Commander,Wedgetail.png
Wedgetail,Award,04 May 2024,1 Year Service Citation,Period of Service Citations,,,Wedgetail.png
Wedgetail,Award,02 June 2024,Campaign Medallion,Operational Service Citations,,,Wedgetail.png
Wedgetail,Promotion/Role,25 November 2024,,,Flight Leader,Flight Commander,Wedgetail.png
Wedgetail,Promotion/Role,23 March 2026,,,Leading Private,Reservist,Wedgetail.png
Wedgetail,Promotion/Role,26 April 2026,,,Leading Gunner,Gunner,Wedgetail.png
Wedgetail,Promotion/Role,16 May 2026,,,Lance Bombadier,Fireteam Leader,Wedgetail.png
WhiteWolf,Promotion/Role,20 September 2020,,,Recruit,Engineer,WhiteWolf2.png
WhiteWolf,Promotion/Role,27 March 2021,,,Sapper,Engineer,WhiteWolf2.png
WhiteWolf,Promotion/Role,30 April 2021,,,Sapper,Engineer,WhiteWolf2.png
WhiteWolf,Award,24 August 2021,1 Year Service Citation,Service Citation,,,WhiteWolf1.png
WhiteWolf,Award,03 October 2021,Campaign Medallion,Operational Service Award,,,WhiteWolf1.png
WhiteWolf,Award,26 June 2022,"Campaign Medallion, First Clasp",Operational Service Award,,,WhiteWolf1.png
WhiteWolf,Award,30 October 2022,2 Year Service Citation,Service Citation,,,WhiteWolf1.png
WhiteWolf,Promotion/Role,09 January 2023,,,Private Proficient,Reservist,WhiteWolf2.png
WhiteWolf,Promotion/Role,22 April 2023,,,Sapper,Engineer,WhiteWolf2.png
WhiteWolf,Award,13 August 2023,"Campaign Medallion, Second Clasp",Operational Service Citation,,,WhiteWolf1.png
WhiteWolf,Promotion/Role,13 September 2023,,,Corporal,Section Commander,WhiteWolf2.png
WhiteWolf,Award,01 October 2023,3 Year Service Citation,Service Citation,,,WhiteWolf1.png
WhiteWolf,Award,05 November 2023,"Campaign Medallion, Third Clasp",Operational Service Citation,,,WhiteWolf1.png
WhiteWolf,Award,10 December 2023,Public Relations Award,Non-Operational Award,,,WhiteWolf1.png
WhiteWolf,Award,07 September 2024,"Campaign Medallion, Fourth Clasp",Operational Service Citation,,,WhiteWolf1.png
WhiteWolf,Award,29 September 2024,Long Term Service Citation,Service Citation,,,WhiteWolf1.png
WhiteWolf,Promotion/Role,21 November 2024,,,Senior Corporal,Section Commander,WhiteWolf2.png
WhiteWolf,Award,30 November 2024,Broken Lance Award,Non-Operational Award,,,WhiteWolf1.png
WhiteWolf,Award,05 April 2025,"Campaign Medallion, Tier 2 First Clasp",Operational Service Citation,,,WhiteWolf1.png
WhiteWolf,Award,04 October 2025,"Campaign Medallion Tier 2, Second Clasp",Operational Service Citation,,,WhiteWolf1.png
WhiteWolf,Award,04 October 2025,Senior Leadership Award,Leadership Award,,,WhiteWolf1.png
WhiteWolf,Promotion/Role,10 November 2025,,,Platoon Technician Sergeant,Engineering Sergeant,WhiteWolf2.png
WhiteWolf,Promotion/Role,23 January 2026,,,Commanding Lieutenant,Squadron Commander,WhiteWolf2.png
WhiteWolf,Award,03 April 2026,"Campaign Medallion Tier 2, Third Clasp",Operational Service Citation,,,WhiteWolf1.png
Willum,Promotion/Role,18 January 2025,,,Recruit,Reservist,Willum.png
Willum,Promotion/Role,21 January 2025,,,Private,Reservist,Willum.png
Willum,Promotion/Role,24 February 2025,,,Private,Medium Anti-Tank,Willum.png
Willum,Promotion/Role,05 May 2025,,,Private Proficient,Medium Anti-Tank,Willum.png
Willum,Award,02 August 2025,Campaign Medallion,Operational Service Citation,,,Willum.png
Willum,Promotion/Role,06 December 2025,,,Leading Private,Medium Anti-Tank,Willum.png
Willum,Award,11 February 2026,1 Year Service Citation,Period of Service Citation,,,Willum.png
Wingman,Promotion/Role,18 August 2025,,,Recruit,Reservist,Wingman.png
Wingman,Promotion/Role,29 August 2025,,,Private,Reservist,Wingman.png
Wingman,Promotion/Role,25 April 2026,,,Private Proficient,Reservist,Wingman.png
Wombat,Promotion/Role,27 July 2023,,,Recruit,Reservist,Wombat.png
Wombat,Promotion/Role,04 August 2023,,,Private,Reservist,Wombat.png
Wombat,Promotion/Role,27 October 2023,,,Private,Machine Gunner,Wombat.png
Wombat,Promotion/Role,03 March 2024,,,Private Proficient,Driver/Rifleman,Wombat.png
Wombat,Award,02 June 2024,Campaign Medallion,Operational Service Citation,,,Wombat.png
Wombat,Award,07 September 2024,1 Year Service Citation,Service Citation,,,Wombat.png
Wombat,Award,09 March 2025,"Campaign Medallion, First Clasp",Operational Service Citation,,,Wombat.png
Wombat,Promotion/Role,05 May 2025,,,Leading Private,Driver/Rifleman,Wombat.png
Wombat,Award,02 August 2025,2 Year Service Citation,Service Citation,,,Wombat.png
Wombat,Award,07 September 2025,"Campaign Medallion, First Clasp",Operational Service Citation,,,Wombat.png
Wombat,Promotion/Role,11 February 2026,,,Senior Private,Driver/Rifleman,Wombat.png
Wrighty,Promotion/Role,06 March 2026,,,Recruit,Reservist,Wrighty.png
Xantenius,Promotion/Role,02 September 2025,,,Recruit,Reservist,Xantenius.png
Xantenius,Promotion/Role,06 September 2025,,,Private,Reservist,Xantenius.png
Xantenius,Promotion/Role,25 April 2026,,,Private Proficient,Reservist,Xantenius.png
Xia,Promotion/Role,17 March 2026,,,Recruit,Reservist,Xia.png
Xia,Promotion/Role,26 March 2026,,,Private,Reservist,Xia.png
Xia,Promotion/Role,27 March 2026,,,Private,Driver/Rifleman,Xia.png
Xia,Promotion/Role,09 May 2026,,,Private,Reservist,Xia.png
Yoshi,Promotion/Role,17 December 2022,,,Recruit,Reservist,Yoshi2.png
Yoshi,Promotion/Role,07 January 2023,,,Private,Reservist,Yoshi2.png
Yoshi,Promotion/Role,19 February 2023,,,Private,Machine Gunner,Yoshi2.png
Yoshi,Promotion/Role,01 March 2023,,,Lance Corporal,Fireteam Leader,Yoshi2.png
Yoshi,Promotion/Role,30 July 2023,,,Corporal,Section Commander,Yoshi2.png
Yoshi,Award,02 September 2023,Campaign Medallion,Operational Service Citation,,,Yoshi1.png
Yoshi,Award,22 January 2024,1 Year Service Citation,Period of Service Citation,,,Yoshi1.png
Yoshi,Award,07 April 2024,"Campaign Medallion, First Clasp",Operational Service Citation,,,Yoshi1.png
Yoshi,Promotion/Role,04 August 2024,,,Private Proficient,Reservist,Yoshi2.png
Yoshi,Award,07 September 2024,Bronze Soldier Medallion,Non-Operational Award,,,Yoshi1.png
Yoshi,Award,07 September 2024,"Campaign Medallion, Second Clasp",Operational Service Citation,,,Yoshi1.png
Yoshi,Promotion/Role,22 September 2024,,,Private Proficient,Machine Gunner,Yoshi2.png
Yoshi,Promotion/Role,16 November 2024,,,Senior Private,Machine Gunner,Yoshi2.png
Yoshi,Promotion/Role,30 November 2024,,,Warrant Officer Class Two,Company Sergeant Major,Yoshi2.png
Yoshi,Award,01 February 2025,2 Year Service Citation,Period of Service Citation,,,Yoshi1.png
Yoshi,Promotion/Role,09 March 2025,,,Warrant Officer Class One,Regimental Sergeant Major,Yoshi2.png
Yoshi,Promotion/Role,28 April 2025,,,Staff Captain,Adjutant,Yoshi2.png
Yoshi,Award,07 June 2025,"Campaign Medallion, Third Clasp",Operational Service Citation,,,Yoshi1.png
Yoshi,Award,06 December 2025,"Campaign Medallion, Fourth Clasp",Operational Service Citation,,,Yoshi1.png
Yoshi,Award,06 December 2025,Junior Leadership Award,Leadership Award,,,Yoshi1.png
Yoshi,Award,11 February 2026,3 Year Service Citation,Period of Service Citation,,,Yoshi1.png
Yoshi,Promotion/Role,11 February 2026,,,Captain,Adjutant,Yoshi2.png
Yoshi,Promotion/Role,19 May 2026,,,Senior Leading Private,Reservist,Yoshi2.png
Zadori,Promotion/Role,29 November 2025,,,Recruit,Reservist,Zadori.png
Zilo,Promotion/Role,30 August 2020,,,Private,Rifleman,Zilo2.png
Zilo,Promotion/Role,30 August 2020,,,Recruit,Rifleman,Zilo2.png
Zilo,Promotion/Role,04 September 2020,,,Lance Corporal,Fireteam Leader,Zilo2.png
Zilo,Award,18 April 2021,Campaign Medallion,Operational Service Citation,,,Zilo1.png
Zilo,Award,13 June 2021,Junior Leadership,Leadership Award,,,Zilo1.png
Zilo,Award,11 August 2021,1 Year Service Citation,Period of Service Citation,,,Zilo1.png
Zilo,Award,24 October 2021,"Campaign Medallion, First Clasp",Operational Service Citation,,,Zilo1.png
Zilo,Promotion/Role,20 May 2022,,,Corporal,Section Commander,Zilo2.png
Zilo,Award,26 June 2022,"Campaign Medallion, Second Clasp",Operational Service Citation,,,Zilo1.png
Zilo,Award,04 September 2022,2 Year Service Citation,Period of Service Citation,,,Zilo1.png
Zilo,Promotion/Role,18 October 2022,,,Private,Reservist,Zilo2.png
Zilo,Promotion/Role,13 November 2022,,,Private,Platoon Signaller,Zilo2.png
Zilo,Promotion/Role,15 February 2023,,,Signaller,Platoon Signaller,Zilo2.png
Zilo,Award,04 June 2023,"Campaign Medallion, Third Clasp",Operational Service Citation,,,Zilo1.png
Zilo,Award,05 November 2023,3 Year Service Citation,Period of Service Citation,,,Zilo1.png
Zilo,Award,05 November 2023,"Campaign Medallion, Fourth Clasp",Operational Service Citation,,,Zilo1.png
Zilo,Award,02 March 2024,Bronze Soldiers Medallion,Non-Operational Award,,,Zilo1.png
Zilo,Award,02 June 2024,"Campaign Medallion, Tier 2 First Clasp",Operational Service Citation,,,Zilo1.png
Zilo,Award,07 September 2024,Long Term Service Citation,Period of Service Citation,,,Zilo1.png
Zilo,Award,29 September 2024,Silver Soldiers Medallion,Non-Operational Award,,,Zilo1.png
Zilo,Promotion/Role,20 October 2024,,,Corporal,Section Commander,Zilo2.png
Zilo,Award,02 November 2024,"Campaign Medallion, Tier 2 Second Clasp",Operational Service Citation,,,Zilo1.png
Zilo,Promotion/Role,16 November 2024,,,Senior Corporal,Section Commander,Zilo2.png
Zilo,Award,02 August 2025,"Campaign Medallion, Tier 2 Third Clasp",Operational Service Citation,,,Zilo1.png
Zilo,Promotion/Role,23 November 2025,,,Senior Leading Private,Reservist,Zilo2.png
Zilo,Promotion/Role,05 December 2025,,,Senior Leading Private,Machinegunner,Zilo2.png
Zilo,Award,07 March 2026,"Campaign Medallion, Tier 2 Fourth Clasp",Operational Service Citation,,,Zilo1.png
Zilo,Award,November 2021,Gallantry Award,Operational Award,,,Zilo1.png
